"item","restaurant","ID","calories","total_fat","sat_fat","trans_fat","cholesterol","sodium","total_carb","fiber","sugar","protein","porc_calorias_grasa","indice_salud","sodio_por_proteina","ciudad_origen","año_fundacion","categoria"
"1 Piece Chick-n-Strips","Chick Fil-A",61,120,6,3,0,25,320,6,0,1,11,45,7,29.0909090909091,"Hapeville, GA",1946,"No saludable"
"1/2 lb. FlameThrower® GrillBurger","Dairy Queen",263,1000,74,26,2,170,1610,40,2,9,46,66.6,13,35,"Joliet, IL",1940,"No saludable"
"1/2 lb. GrillBurger with Cheese","Dairy Queen",264,800,51,20,2,135,1280,44,3,13,40,57.375,10,32,"Joliet, IL",1940,"No saludable"
"1/2 lb.* Cheesy Potato Burrito","Taco Bell",401,540,26,7,1,45,1360,59,7,4,19,43.3333333333333,15,71.5789473684211,"Downey, CA",1962,"No saludable"
"1/2 lb.* Combo Burrito","Taco Bell",402,460,18,7,1,45,1320,53,9,3,21,35.2173913043478,20,62.8571428571429,"Downey, CA",1962,"No saludable"
"1/4 lb. Bacon Cheese GrillBurger","Dairy Queen",265,630,37,13,1,95,1250,44,2,13,30,52.8571428571429,6,41.6666666666667,"Joliet, IL",1940,"No saludable"
"1/4 lb. GrillBurger with Cheese","Dairy Queen",266,540,30,11,1,70,1020,44,3,13,23,50,2,44.3478260869565,"Joliet, IL",1940,"No saludable"
"1/4 lb. Mushroom Swiss GrillBurger","Dairy Queen",267,570,35,11,1,75,820,39,2,8,24,55.2631578947368,7,34.1666666666667,"Joliet, IL",1940,"No saludable"
"10 piece Buttermilk Crispy Chicken Tenders","Mcdonalds",38,1210,70,12,1,240,3230,52,1,4,94,52.0661157024793,79,34.3617021276596,"San Bernardino, CA",1940,"No saludable"
"10 Piece Chicken McNuggets","Mcdonalds",43,440,27,4.5,0,75,840,26,2,0,24,55.2272727272727,21.5,35,"San Bernardino, CA",1940,"No saludable"
"10 piece Sweet N' Spicy Honey BBQ Glazed Tenders","Mcdonalds",48,1600,66,10,0,265,4450,156,5,87,97,37.125,5,45.8762886597938,"San Bernardino, CA",1940,"No saludable"
"12 piece Buttermilk Crispy Chicken Tenders","Mcdonalds",39,1510,88,15,1,295,3770,64,1,2,115,52.4503311258278,99,32.7826086956522,"San Bernardino, CA",1940,"No saludable"
"12 piece Chicken Nuggets","Chick Fil-A",69,390,18,1.5,0,115,1460,14,2,1,41,41.5384615384615,40.5,35.609756097561,"Hapeville, GA",1946,"No saludable"
"12 Piece Grilled Chicken Nuggets","Chick Fil-A",76,210,5,1,0,100,670,3,0,1,38,21.4285714285714,36,17.6315789473684,"Hapeville, GA",1946,"No saludable"
"2 Piece Chick-n-Strips","Chick Fil-A",62,230,12,3,0,55,630,13,1,1,22,46.9565217391304,19,28.6363636363636,"Hapeville, GA",1946,"No saludable"
"2 piece Prime-Cut Chicken Tenders","Arbys",162,240,11,1.5,0,30,640,19,1,0,16,41.25,15.5,40,"Boardman, OH",1964,"No saludable"
"20 piece Buttermilk Crispy Chicken Tenders","Mcdonalds",40,2430,141,24,2,475,6080,103,2,3,186,52.2222222222222,161,32.6881720430108,"San Bernardino, CA",1940,"No saludable"
"20 Piece Chicken McNuggets","Mcdonalds",44,890,53,9,0,145,1680,53,4,0,49,53.5955056179775,44,34.2857142857143,"San Bernardino, CA",1940,"No saludable"
"20 Piece Chicken Nuggets","Burger King",244,950,55,11,0,130,1530,50,5,0,51,52.1052631578947,45,30,"Miami, FL",1954,"No saludable"
"3 chicken strips Chicken Strips","Dairy Queen",292,350,20,3,0,60,960,22,10,0,22,51.4285714285714,29,43.6363636363636,"Joliet, IL",1940,"No saludable"
"3 piece Buttermilk Crispy Chicken Tenders","Mcdonalds",35,370,21,3.5,0,70,910,16,0,0,28,51.0810810810811,24.5,32.5,"San Bernardino, CA",1940,"No saludable"
"3 Piece Chick-n-Strips","Chick Fil-A",63,350,17,3,0,70,940,22,1,3,28,43.7142857142857,23,33.5714285714286,"Hapeville, GA",1946,"No saludable"
"3 Piece Crispy Chicken Tender Dinner","Sonic",112,280,14,2.5,0,0,800,16,0,0,22,45,19.5,36.3636363636364,"Shawnee, OK",1953,"No saludable"
"3 piece Prime-Cut Chicken Tenders","Arbys",163,360,17,2.5,0,45,950,28,2,0,23,42.5,22.5,41.304347826087,"Boardman, OH",1964,"No saludable"
"3 Piece Super Crunch Chicken Strip Dinner","Sonic",121,970,46,8,1,55,2160,109,7,9,30,42.680412371134,20,72,"Shawnee, OK",1953,"No saludable"
"3 Piece Super Crunch Chicken Strips","Sonic",124,330,16,3,0,55,670,25,2,0,22,43.6363636363636,21,30.4545454545455,"Shawnee, OK",1953,"No saludable"
"30 piece Chicken Nuggets","Chick Fil-A",70,970,46,2.5,0,285,3660,35,4,1,103,42.680412371134,103.5,35.5339805825243,"Hapeville, GA",1946,"No saludable"
"4 piece Buttermilk Crispy Chicken Tenders","Mcdonalds",36,480,28,4.5,0,95,1290,21,0,1,38,52.5,32.5,33.9473684210526,"San Bernardino, CA",1940,"No saludable"
"4 piece Chick-n-Strips","Chick Fil-A",64,470,23,3,0,90,1250,29,1,4,37,44.0425531914894,31,33.7837837837838,"Hapeville, GA",1946,"No saludable"
"4 Piece Chicken McNuggets","Mcdonalds",41,180,11,2,0,30,340,11,1,0,10,55,9,34,"San Bernardino, CA",1940,"No saludable"
"4 piece Chicken Nuggets","Chick Fil-A",66,130,6,1.5,0,40,490,5,1,0,14,41.5384615384615,13.5,35,"Hapeville, GA",1946,"No saludable"
"4 Piece Chicken Nuggets","Burger King",242,190,11,2,0,25,310,10,1,0,10,52.1052631578947,9,31,"Miami, FL",1954,"No saludable"
"4 Piece Chicken Strip Basket w/ Country Gravy","Dairy Queen",270,1030,53,9,1,80,2780,105,9,4,35,46.3106796116505,31,79.4285714285714,"Joliet, IL",1940,"No saludable"
"4 Piece Grilled Chicken Nuggets","Chick Fil-A",73,70,2,1,0,35,220,1,0,0,13,25.7142857142857,12,16.9230769230769,"Hapeville, GA",1946,"No saludable"
"4 Piece Spicy Chicken Nuggets","Burger King",258,210,15,3,0,20,570,11,2,0,8,64.2857142857143,7,71.25,"Miami, FL",1954,"No saludable"
"4 Piece Super Crunch Chicken Strip Dinner","Sonic",122,1080,51,9,1,75,2390,118,8,9,37,42.5,27,64.5945945945946,"Shawnee, OK",1953,"No saludable"
"4 Piece Super Crunch Chicken Strips","Sonic",125,440,21,4,0,70,900,34,2,1,29,42.9545454545455,26,31.0344827586207,"Shawnee, OK",1953,"No saludable"
"4 piece Sweet N' Spicy Honey BBQ Glazed Tenders","Mcdonalds",46,640,27,4,0,105,1780,63,2,35,39,37.96875,2,45.6410256410256,"San Bernardino, CA",1940,"No saludable"
"40 piece Chicken McNuggets","Mcdonalds",45,1770,107,18,0.5,295,3370,105,7,1,98,54.4067796610169,86,34.3877551020408,"San Bernardino, CA",1940,"No saludable"
"5 Piece Crispy Chicken Tender Dinner","Sonic",113,470,24,4.5,0,0,1340,26,0,0,37,45.9574468085106,32.5,36.2162162162162,"Shawnee, OK",1953,"No saludable"
"5 piece Prime-Cut Chicken Tenders","Arbys",164,600,28,4,0,75,1590,47,3,0,39,42,38,40.7692307692308,"Boardman, OH",1964,"No saludable"
"5 Piece Super Crunch Chicken Strip Dinner","Sonic",123,1190,57,10,1,90,2610,126,8,9,44,43.109243697479,33,59.3181818181818,"Shawnee, OK",1953,"No saludable"
"5 Piece Super Crunch Chicken Strips","Sonic",126,550,26,5,0,90,1120,42,3,1,36,42.5454545454545,33,31.1111111111111,"Shawnee, OK",1953,"No saludable"
"6 piece Buttermilk Crispy Chicken Tenders","Mcdonalds",37,760,44,8,0.5,145,1890,32,1,1,58,52.1052631578947,50,32.5862068965517,"San Bernardino, CA",1940,"No saludable"
"6 Piece Chicken McNuggets","Mcdonalds",42,270,16,2.5,0,45,510,16,1,0,15,53.3333333333333,13.5,34,"San Bernardino, CA",1940,"No saludable"
"6 piece Chicken Nuggets","Chick Fil-A",67,190,9,1.5,0,55,730,7,1,0,21,42.6315789473684,20.5,34.7619047619048,"Hapeville, GA",1946,"No saludable"
"6 Piece Chicken Nuggets","Burger King",243,290,17,3,0,40,460,15,1,0,15,52.7586206896552,13,30.6666666666667,"Miami, FL",1954,"No saludable"
"6 Piece Chicken Strip Basket w/ Country Gravy","Dairy Queen",271,1260,66,11,1,120,3500,121,12,4,49,47.1428571428571,46,71.4285714285714,"Joliet, IL",1940,"No saludable"
"6 Piece Grilled Chicken Nuggets","Chick Fil-A",74,110,3,1,0,50,330,2,0,0,19,24.5454545454545,18,17.3684210526316,"Hapeville, GA",1946,"No saludable"
"6 piece Sweet N' Spicy Honey BBQ Glazed Tenders","Mcdonalds",47,960,40,6,0,160,2670,94,3,52,58,37.5,3,46.0344827586207,"San Bernardino, CA",1940,"No saludable"
"6"" B.L.T.","Subway",305,320,9,4,0,20,680,43,5,6,15,25.3125,10,45.3333333333333,"Bridgeport, CT",1965,"No saludable"
"6"" BBQ Rib Sandwich","Subway",307,430,18,6,0,50,590,47,5,8,19,37.6744186046512,10,31.0526315789474,"Bridgeport, CT",1965,"No saludable"
"6"" Big Hot Pastrami","Subway",309,580,31,11,0,85,1470,47,5,7,29,48.1034482758621,16,50.6896551724138,"Bridgeport, CT",1965,"No saludable"
"6"" Big Philly Cheesesteak","Subway",311,500,17,9,1,85,1310,51,6,8,38,30.6,27,34.4736842105263,"Bridgeport, CT",1965,"No saludable"
"6"" Black Forest Ham","Subway",314,290,5,1,0,20,830,46,5,8,18,15.5172413793103,14,46.1111111111111,"Bridgeport, CT",1965,"Saludable"
"6"" Carved Turkey","Subway",316,330,5,1,0,45,890,45,5,7,25,13.6363636363636,22,35.6,"Bridgeport, CT",1965,"Saludable"
"6"" Carved Turkey & Bacon w/ Cheese","Subway",318,570,26,7,0,70,1600,46,5,8,33,41.0526315789474,23,48.4848484848485,"Bridgeport, CT",1965,"No saludable"
"6"" Chicken & Bacon Ranch Melt","Subway",320,570,28,10,1,95,1080,47,5,8,35,44.2105263157895,22,30.8571428571429,"Bridgeport, CT",1965,"No saludable"
"6"" Chicken Pizziola Melt","Subway",322,460,16,6,0,80,1140,49,6,9,32,31.304347826087,23,35.625,"Bridgeport, CT",1965,"No saludable"
"6"" Cold Cut Combo","Subway",324,370,13,4,0,50,1140,46,5,7,18,31.6216216216216,12,63.3333333333333,"Bridgeport, CT",1965,"Saludable"
"6"" Corned Beef Reuben","Subway",326,470,15,4.5,0,85,1770,45,7,12,39,28.7234042553192,29.5,45.3846153846154,"Bridgeport, CT",1965,"No saludable"
"6"" Italian B.M.T.","Subway",328,410,16,6,0,45,1300,46,5,8,20,35.1219512195122,11,65,"Bridgeport, CT",1965,"No saludable"
"6"" Italian Hero","Subway",330,550,29,10,0,75,1470,47,5,9,26,47.4545454545455,12,56.5384615384615,"Bridgeport, CT",1965,"No saludable"
"6"" Meatball Marinara","Subway",332,480,18,7,1,30,950,59,8,12,21,33.75,10,45.2380952380952,"Bridgeport, CT",1965,"No saludable"
"6"" Oven Roasted Chicken","Subway",334,320,5,2,0,25,640,47,5,8,23,14.0625,18,27.8260869565217,"Bridgeport, CT",1965,"Saludable"
"6"" Roast Beef","Subway",337,320,5,2,0,40,700,45,5,7,24,14.0625,20,29.1666666666667,"Bridgeport, CT",1965,"Saludable"
"6"" Rotisserie Style Chicken","Subway",339,350,6,1.5,0,50,540,44,5,7,29,15.4285714285714,25.5,18.6206896551724,"Bridgeport, CT",1965,"Saludable"
"6"" Spicy Italian","Subway",341,480,24,9,1,50,1520,46,5,8,20,45,8,76,"Bridgeport, CT",1965,"No saludable"
"6"" Steak and Cheese","Subway",343,380,10,5,0,50,1060,48,5,8,26,23.6842105263158,18,40.7692307692308,"Bridgeport, CT",1965,"No saludable"
"6"" Subway Club","Subway",345,310,5,2,0,40,880,46,5,7,23,14.5161290322581,19,38.2608695652174,"Bridgeport, CT",1965,"Saludable"
"6"" Subway Melt (includes cheese)","Subway",347,370,11,5,0,45,1210,47,5,8,23,26.7567567567568,15,52.6086956521739,"Bridgeport, CT",1965,"No saludable"
"6"" Subway Seafood Sensation","Subway",349,420,19,3,0,20,690,51,5,8,13,40.7142857142857,7,53.0769230769231,"Bridgeport, CT",1965,"No saludable"
"6"" Sweet Onion Chicken Teriyaki","Subway",351,380,5,1,0,50,900,59,5,18,26,11.8421052631579,12,34.6153846153846,"Bridgeport, CT",1965,"No saludable"
"6"" Tuna","Subway",353,470,24,4,0,30,620,44,5,6,20,45.9574468085106,15,31,"Bridgeport, CT",1965,"No saludable"
"6"" Turkey & Bacon Avocado","Subway",355,390,13,3.5,0,30,860,49,8,7,22,30,19.5,39.0909090909091,"Bridgeport, CT",1965,"Saludable"
"6"" Turkey Breast","Subway",358,280,4,1,0,20,810,46,5,7,18,12.8571428571429,15,45,"Bridgeport, CT",1965,"Saludable"
"6"" Turkey Breast & Ham","Subway",360,280,4,1,0,20,820,46,5,8,18,12.8571428571429,14,45.5555555555556,"Bridgeport, CT",1965,"Saludable"
"6"" Turkey Italiano Melt (with Provolone)","Subway",362,490,24,9,1,50,1480,47,5,8,24,44.0816326530612,12,61.6666666666667,"Bridgeport, CT",1965,"No saludable"
"6"" Veggie Delite","Subway",365,230,3,1,0,0,310,44,5,6,8,11.7391304347826,6,38.75,"Bridgeport, CT",1965,"No saludable"
"6"" Veggie Patty","Subway",367,390,7,1,0,10,800,56,8,8,23,16.1538461538462,22,34.7826086956522,"Bridgeport, CT",1965,"Saludable"
"7-Layer Burrito","Taco Bell",403,510,19,7,0,20,1090,68,11,4,16,33.5294117647059,16,68.125,"Downey, CA",1962,"No saludable"
"8 piece Chicken Nuggets","Chick Fil-A",68,260,12,3,0,70,990,9,1,1,28,41.5384615384615,25,35.3571428571429,"Hapeville, GA",1946,"No saludable"
"8 piece Grilled Chicken Nuggets","Chick Fil-A",75,140,4,1,0,70,440,2,0,0,25,25.7142857142857,24,17.6,"Hapeville, GA",1946,"No saludable"
"All Beef All-american Style Dog – 6""","Sonic",129,370,18,7,0,40,1180,40,1,15,12,43.7837837837838,-9,98.3333333333333,"Shawnee, OK",1953,"No saludable"
"All Beef Chicago Dog – 6""","Sonic",130,430,20,7,0,40,2310,49,1,17,14,41.8604651162791,-9,165,"Shawnee, OK",1953,"No saludable"
"All Beef Chili Cheese Coney – 6""","Sonic",131,410,26,11,0,65,1140,30,2,4,17,57.0731707317073,4,67.0588235294118,"Shawnee, OK",1953,"No saludable"
"All Beef New York Dog – 6""","Sonic",132,340,19,7,0,40,1250,30,3,4,13,50.2941176470588,5,96.1538461538462,"Shawnee, OK",1953,"No saludable"
"All Beef Regular Hot Dog – 6""","Sonic",133,320,18,7,0,40,870,27,1,3,11,50.625,2,79.0909090909091,"Shawnee, OK",1953,"No saludable"
"American Brewhouse King","Burger King",193,1550,126,47,8,805,1820,21,3,7,134,73.1612903225806,83,13.5820895522388,"Miami, FL",1954,"No saludable"
"Arby-Q Sandwich","Arbys",139,400,10,3,0,30,1230,58,3,23,18,22.5,-5,68.3333333333333,"Boardman, OH",1964,"No saludable"
"Arby's Melt","Arbys",138,330,11,4,0,30,920,40,2,5,18,30,11,51.1111111111111,"Boardman, OH",1964,"No saludable"
"Artisan Grilled Chicken Sandwich","Mcdonalds",1,380,7,2,0,95,1110,44,3,11,37,16.5789473684211,27,30,"San Bernardino, CA",1940,"No saludable"
"Autumn Carved Turkey Salad","Subway",369,300,9,3,0,60,1120,26,3,22,25,27,3,44.8,"Bridgeport, CT",1965,"No saludable"
"B.L.T. Salad","Subway",370,150,8,4,0,20,420,10,4,5,10,48,5,42,"Bridgeport, CT",1965,"No saludable"
"Bacon & Cheese Whopper","Burger King",216,770,48,16,2,95,1360,47,2,9,29,56.1038961038961,6,46.8965517241379,"Miami, FL",1954,"No saludable"
"Bacon & Swiss Sourdough King","Burger King",194,1000,65,24,3,200,1320,48,2,8,56,58.5,26,23.5714285714286,"Miami, FL",1954,"No saludable"
"Bacon Cheddar Ranch Chicken Salad w/ crispy Chicken & Dressing","Burger King",224,720,50,13,0,120,1960,32,5,7,36,62.5,21,54.4444444444444,"Miami, FL",1954,"No saludable"
"Bacon Cheddar Ranch Chicken Salad w/ grilled Chicken & Dressing","Burger King",223,590,40,12,0,150,1540,18,3,6,42,61.0169491525424,27,36.6666666666667,"Miami, FL",1954,"No saludable"
"Bacon Cheese Dog","Dairy Queen",272,420,26,11,1,60,1140,26,1,3,19,55.7142857142857,6,60,"Joliet, IL",1940,"No saludable"
"Bacon Cheeseburger","Burger King",195,330,16,7,0,55,830,32,1,7,18,43.6363636363636,5,46.1111111111111,"Miami, FL",1954,"No saludable"
"Bacon Cheeseburger Deluxe","Burger King",196,290,14,6,0.5,40,720,28,1,7,12,43.448275862069,0,60,"Miami, FL",1954,"No saludable"
"Bacon King","Burger King",197,1040,48,28,2.5,220,1900,48,1,10,57,41.5384615384615,20,33.3333333333333,"Miami, FL",1954,"No saludable"
"Bacon King Jr","Burger King",198,730,39,9,0,90,1930,63,0,16,32,48.0821917808219,7,60.3125,"Miami, FL",1954,"No saludable"
"Barbecue Pork Sandwich","Dairy Queen",278,310,9,3,0,50,830,41,2,9,17,26.1290322580645,7,48.8235294117647,"Joliet, IL",1940,"No saludable"
"Bean Burrito","Taco Bell",404,370,11,4,0,5,960,56,9,3,13,26.7567567567568,15,73.8461538461538,"Downey, CA",1962,"No saludable"
"Beef 'n Cheddar Classic","Arbys",140,450,20,6,1,50,1280,45,2,9,23,40,10,55.6521739130435,"Boardman, OH",1964,"No saludable"
"Beef 'n Cheddar Mid","Arbys",141,630,32,11,1.5,100,2100,48,2,9,39,45.7142857142857,21,53.8461538461538,"Boardman, OH",1964,"No saludable"
"Beef Crunchy Cheesy Core Burrito","Taco Bell",418,630,26,10,0.5,45,1530,76,7,5,22,37.1428571428571,14,69.5454545454545,"Downey, CA",1962,"No saludable"
"Beef Quesalupa","Taco Bell",504,460,26,11,1,50,890,38,4,3,19,50.8695652173913,9,46.8421052631579,"Downey, CA",1962,"No saludable"
"Beef Quesarito","Taco Bell",422,650,34,12,0.5,60,1450,65,6,5,22,47.0769230769231,11,65.9090909090909,"Downey, CA",1962,"No saludable"
"Beef Spicy Cheesy Core Burrito","Taco Bell",429,570,23,10,0.5,45,1760,68,7,5,22,36.3157894736842,14,80,"Downey, CA",1962,"No saludable"
"Beefy 5-Layer Burrito","Taco Bell",405,550,22,8,0,35,1270,68,8,5,19,36,14,66.8421052631579,"Downey, CA",1962,"No saludable"
"Beefy Cheddar Crunchwrap Slider","Taco Bell",482,410,19,6,0,25,960,46,4,3,14,41.7073170731707,9,68.5714285714286,"Downey, CA",1962,"No saludable"
"Beefy Fritos® Burrito","Taco Bell",406,440,18,5,0,20,1030,55,4,3,13,36.8181818181818,9,79.2307692307692,"Downey, CA",1962,"No saludable"
"Beefy Mini Quesadilla","Taco Bell",483,210,12,4,0,25,560,17,3,1,9,51.4285714285714,7,62.2222222222222,"Downey, CA",1962,"No saludable"
"Beefy Nacho Griller","Taco Bell",484,420,19,4.5,0,20,870,49,5,3,12,40.7142857142857,9.5,72.5,"Downey, CA",1962,"No saludable"
"Big Fish Sandwich","Burger King",237,530,27,4.5,0,30,1360,54,2,7,17,45.8490566037736,7.5,80,"Miami, FL",1954,"No saludable"
"Big Hot Pastrami Melt Salad","Subway",371,400,29,11,0,85,1250,12,4,4,23,65.25,12,54.3478260869565,"Bridgeport, CT",1965,"No saludable"
"Big Mac","Mcdonalds",6,540,28,10,1,80,950,46,3,9,25,46.6666666666667,9,38,"San Bernardino, CA",1940,"No saludable"
"Big Philly Cheesesteak Salad","Subway",372,330,16,8,1,85,1080,17,5,6,32,43.6363636363636,23,33.75,"Bridgeport, CT",1965,"No saludable"
"BK VEGGIE Burger","Burger King",238,410,16,3,0,5,1030,44,7,8,22,35.1219512195122,18,46.8181818181818,"Miami, FL",1954,"Saludable"
"Black Bean Burrito","Taco Bell",407,410,12,4,0,10,1100,62,8,3,14,26.3414634146341,15,78.5714285714286,"Downey, CA",1962,"No saludable"
"Black Forest Ham Salad","Subway",373,110,3,1,0,20,590,11,4,6,12,24.5454545454545,9,49.1666666666667,"Bridgeport, CT",1965,"No saludable"
"BLT Crunchwrap Slider","Taco Bell",485,430,23,5,0,20,900,43,3,4,12,48.1395348837209,6,75,"Downey, CA",1962,"No saludable"
"Bourbon BBQ Brisket Sandwich","Arbys",142,650,33,12,1,105,1460,51,2,15,38,45.6923076923077,13,38.4210526315789,"Boardman, OH",1964,"No saludable"
"Bourbon BBQ Chicken Sandwich","Arbys",143,690,31,9,0,90,1990,66,3,16,38,40.4347826086956,16,52.3684210526316,"Boardman, OH",1964,"No saludable"
"Bourbon BBQ Steak Sandwich","Arbys",144,690,31,9,0,90,1990,66,3,16,38,40.4347826086956,16,52.3684210526316,"Boardman, OH",1964,"No saludable"
"Breaded Mushrooms","Dairy Queen",279,250,9,1,0,0,500,36,2,1,7,32.4,7,71.4285714285714,"Joliet, IL",1940,"No saludable"
"Buffalo Chicken Salad (with Ranch dressing)","Subway",374,360,26,4,0,60,1100,13,4,6,20,65,14,55,"Bridgeport, CT",1965,"No saludable"
"Buffalo Chicken Slider","Arbys",180,290,13,2,0,20,860,31,2,2,12,40.3448275862069,10,71.6666666666667,"Boardman, OH",1964,"No saludable"
"Buffalo Dunked Ultimate Chicken Sandwich","Sonic",115,1000,61,12,0.5,125,4520,70,5,12,23,54.9,4,196.521739130435,"Shawnee, OK",1953,"No saludable"
"Burrito Supreme® - Chicken","Taco Bell",409,390,12,5,0,40,1050,52,7,5,19,27.6923076923077,16,55.2631578947368,"Downey, CA",1962,"No saludable"
"Burrito Supreme® - Steak","Taco Bell",410,390,13,5,0,30,1090,52,7,5,17,30,14,64.1176470588235,"Downey, CA",1962,"No saludable"
"Burrito Supreme® – Beef","Taco Bell",408,420,16,7,0,35,1090,53,8,5,16,34.2857142857143,12,68.125,"Downey, CA",1962,"No saludable"
"Buttermilk Buffalo Chicken Sandwich","Arbys",145,540,24,4.5,0,60,2110,53,2,6,29,40,20.5,72.7586206896552,"Boardman, OH",1964,"No saludable"
"Buttermilk Chicken Bacon & Swiss","Arbys",146,650,31,9,0,90,1750,56,2,9,39,42.9230769230769,23,44.8717948717949,"Boardman, OH",1964,"No saludable"
"Buttermilk Chicken Cordon Bleu Sandwich","Arbys",147,690,35,10,0,110,2000,53,1,7,41,45.6521739130435,25,48.780487804878,"Boardman, OH",1964,"No saludable"
"Buttermilk Crispy Chicken Sandwich","Arbys",148,550,26,4.5,0,60,1480,52,2,6,29,42.5454545454545,20.5,51.0344827586207,"Boardman, OH",1964,"No saludable"
"Cantina Power Bowl - Chicken","Taco Bell",486,560,22,4,0,60,1520,64,9,4,26,35.3571428571429,27,58.4615384615385,"Downey, CA",1962,"No saludable"
"Cantina Power Bowl - Steak","Taco Bell",487,580,23,4,0,50,1460,66,10,4,27,35.6896551724138,29,54.0740740740741,"Downey, CA",1962,"No saludable"
"Cantina Power Bowl - Veggie","Taco Bell",488,540,21,3,0,10,1310,75,14,4,14,35,21,93.5714285714286,"Downey, CA",1962,"No saludable"
"Cantina Power Burrito - Chicken","Taco Bell",411,760,27,6,0,60,1960,96,12,7,32,31.9736842105263,31,61.25,"Downey, CA",1962,"No saludable"
"Cantina Power Burrito - Steak","Taco Bell",412,780,28,7,0,50,1900,98,13,7,33,32.3076923076923,32,57.5757575757576,"Downey, CA",1962,"No saludable"
"Cantina Power Burrito - Veggie","Taco Bell",413,740,26,5,0,10,1750,107,17,8,20,31.6216216216216,24,87.5,"Downey, CA",1962,"No saludable"
"Carved Turkey & Bacon w/ Cheese Salad","Subway",375,280,12,4.5,0,65,1320,11,4,5,28,38.5714285714286,22.5,47.1428571428571,"Bridgeport, CT",1965,"Saludable"
"Carved Turkey Salad","Subway",376,150,4,0,0,45,680,8,3,3,19,24,19,35.7894736842105,"Bridgeport, CT",1965,"No saludable"
"Chalupa Supreme® - Chicken","Taco Bell",455,340,18,4,0,40,530,29,3,4,16,47.6470588235294,11,33.125,"Downey, CA",1962,"No saludable"
"Chalupa Supreme® - Steak","Taco Bell",456,340,18,4,0,30,570,29,3,4,14,47.6470588235294,9,40.7142857142857,"Downey, CA",1962,"No saludable"
"Chalupa Supreme®–Beef","Taco Bell",457,370,21,5,0,30,570,31,4,4,13,51.0810810810811,8,43.8461538461538,"Downey, CA",1962,"No saludable"
"Chargrilled Chicken Club Sandwich","Chick Fil-A",58,430,16,8,0,85,1120,37,3,7,37,33.4883720930233,25,30.2702702702703,"Hapeville, GA",1946,"No saludable"
"Chargrilled Chicken Cool Wrap","Chick Fil-A",82,350,14,5,0,60,960,29,15,3,37,36,44,25.9459459459459,"Hapeville, GA",1946,"No saludable"
"Chargrilled Chicken Sandwich","Chick Fil-A",59,310,6,2,0,55,820,36,3,7,29,17.4193548387097,23,28.2758620689655,"Hapeville, GA",1946,"No saludable"
"Cheese & Veggies Pizza","Subway",397,740,25,11,0,50,1270,100,5,9,36,30.4054054054054,21,35.2777777777778,"Bridgeport, CT",1965,"No saludable"
"Cheese Dog","Dairy Queen",273,390,24,11,1,50,1000,26,1,3,16,55.3846153846154,3,62.5,"Joliet, IL",1940,"No saludable"
"Cheese Pizza","Subway",398,680,22,9,0,40,1070,96,4,7,32,29.1176470588235,20,33.4375,"Bridgeport, CT",1965,"No saludable"
"Cheese Quesadilla","Taco Bell",489,480,27,11,1,50,1000,40,4,3,19,50.625,9,52.6315789473684,"Downey, CA",1962,"No saludable"
"Cheese Roll-Up","Taco Bell",490,190,9,5,0,20,450,18,2,1,9,42.6315789473684,5,50,"Downey, CA",1962,"No saludable"
"Cheeseburger","Burger King",200,300,14,6,0,45,710,28,1,6,16,42,5,44.375,"Miami, FL",1954,"No saludable"
"Cheeseburger","Burger King",200,300,14,6,0,45,710,28,1,6,16,42,5,44.375,"Miami, FL",1954,"No saludable"
"Cheeseburger","Mcdonalds",7,300,12,5,0.5,40,680,33,2,7,15,36,5,45.3333333333333,"San Bernardino, CA",1940,"No saludable"
"Cheeseburger","Mcdonalds",7,300,12,5,0.5,40,680,33,2,7,15,36,5,45.3333333333333,"San Bernardino, CA",1940,"No saludable"
"Cheesy Bacon Pretzel Dog - 6 In.","Sonic",134,500,26,10,0,50,1410,46,2,7,15,46.8,0,94,"Shawnee, OK",1953,"No saludable"
"Cheesy Bean and Rice Burrito","Taco Bell",414,420,17,3.5,0,0,930,55,6,4,11,36.4285714285714,9.5,84.5454545454545,"Downey, CA",1962,"No saludable"
"Cheesy Gordita Crunch","Taco Bell",469,490,29,10,1,55,810,39,5,6,20,53.265306122449,9,40.5,"Downey, CA",1962,"No saludable"
"Chick-n-Slider","Chick Fil-A",60,270,11,2.5,0,45,800,26,1,4,16,36.6666666666667,10.5,50,"Hapeville, GA",1946,"No saludable"
"Chicken & Bacon Ranch Melt Salad (includes Ranch dressing)","Subway",377,510,38,12,1,100,1040,14,4,7,30,67.0588235294118,15,34.6666666666667,"Bridgeport, CT",1965,"No saludable"
"Chicken Bacon Ranch Sandwich","Dairy Queen",293,500,20,8,0,65,1190,45,3,3,33,36,25,36.0606060606061,"Joliet, IL",1940,"No saludable"
"Chicken BLT Salad w/ Crispy Chicken","Burger King",226,690,48,12,1,100,1750,31,4,8,35,62.6086956521739,19,50,"Miami, FL",1954,"No saludable"
"Chicken BLT Salad w/ Grilled Chicken","Burger King",225,550,37,10,0,115,1640,17,3,5,36,60.5454545454545,24,45.5555555555556,"Miami, FL",1954,"No saludable"
"Chicken Burger","Burger King",239,480,25,2.5,0,5,1160,42,2,10,22,46.875,11.5,52.7272727272727,"Miami, FL",1954,"No saludable"
"Chicken Caesar Salad w/ Crispy Chicken","Burger King",228,670,43,7,0,80,1760,40,5,8,34,57.7611940298507,24,51.7647058823529,"Miami, FL",1954,"No saludable"
"Chicken Caesar Salad w/ Grilled Chicken","Burger King",227,530,32,5,0,95,1640,26,3,6,35,54.3396226415094,27,46.8571428571429,"Miami, FL",1954,"No saludable"
"Chicken Crunchy Cheesy Core Burrito","Taco Bell",416,610,24,9,0,55,1510,74,5,5,25,35.4098360655738,16,60.4,"Downey, CA",1962,"No saludable"
"Chicken Deluxe","Chick Fil-A",65,500,23,7,0,75,1590,42,3,6,31,41.4,21,51.2903225806452,"Hapeville, GA",1946,"No saludable"
"Chicken Fries","Burger King",241,290,17,3,1.5,40,780,18,1,1,16,52.7586206896552,13,48.75,"Miami, FL",1954,"No saludable"
"Chicken Mozzarella Sandwich","Dairy Queen",294,640,25,8,0,60,1530,68,4,3,34,35.15625,27,45,"Joliet, IL",1940,"No saludable"
"Chicken Nuggets (10pc)","Burger King",245,470,29,5,0,50,890,34,5,0,21,55.531914893617,21,42.3809523809524,"Miami, FL",1954,"No saludable"
"Chicken Quesadilla","Taco Bell",491,520,28,12,1,75,1210,41,4,3,27,48.4615384615385,16,44.8148148148148,"Downey, CA",1962,"No saludable"
"Chicken Quesalupa","Taco Bell",503,440,23,10,0.5,60,840,37,3,3,22,47.0454545454545,12,38.1818181818182,"Downey, CA",1962,"No saludable"
"Chicken Quesarito","Taco Bell",420,620,30,10,0,60,1440,64,4,4,24,43.5483870967742,14,60,"Downey, CA",1962,"No saludable"
"Chicken Salad Sandwich","Chick Fil-A",71,490,19,3,0,80,1130,55,5,12,28,34.8979591836735,18,40.3571428571429,"Hapeville, GA",1946,"No saludable"
"Chicken Sandwich","Chick Fil-A",72,440,19,4,0,60,1350,40,2,5,28,38.8636363636364,21,48.2142857142857,"Hapeville, GA",1946,"No saludable"
"Chicken Soft Taco","Taco Bell",434,170,6,3,0,30,460,18,1,1,12,31.7647058823529,9,38.3333333333333,"Downey, CA",1962,"No saludable"
"Chicken Spicy Cheesy Core Burrito","Taco Bell",427,540,20,8,0,55,1740,66,5,5,24,33.3333333333333,16,72.5,"Downey, CA",1962,"No saludable"
"Chicken Strip Sandwich","Sonic",111,450,24,4,0,35,740,43,1,4,19,48,12,38.9473684210526,"Shawnee, OK",1953,"No saludable"
"Chicken Tender 'n Cheese Slider","Arbys",181,290,12,3.5,0,25,720,30,1,1,15,37.2413793103448,11.5,48,"Boardman, OH",1964,"No saludable"
"Chicken, Apple & Cranberry Salad w/ Crispy Chicken","Burger King",230,700,41,9,0,80,1090,54,5,37,28,52.7142857142857,-13,38.9285714285714,"Miami, FL",1954,"No saludable"
"Chicken, Apple & Cranberry Salad w/ Grilled Chicken","Burger King",229,560,30,7,0,90,980,40,4,34,29,48.2142857142857,-8,33.7931034482759,"Miami, FL",1954,"No saludable"
"Chickstar","Taco Bell",492,620,37,8,0,50,1290,53,4,4,17,53.7096774193548,9,75.8823529411765,"Downey, CA",1962,"No saludable"
"Chili Cheese Burrito","Taco Bell",415,380,17,8,1,35,930,41,5,2,16,40.2631578947368,11,58.125,"Downey, CA",1962,"No saludable"
"Chili Cheese Burrito","Taco Bell",415,380,17,8,1,35,930,41,5,2,16,40.2631578947368,11,58.125,"Downey, CA",1962,"No saludable"
"Chili Cheese Burrito","Taco Bell",493,380,17,8,1,35,930,41,5,2,16,40.2631578947368,11,58.125,"Downey, CA",1962,"No saludable"
"Chili Cheese Burrito","Taco Bell",493,380,17,8,1,35,930,41,5,2,16,40.2631578947368,11,58.125,"Downey, CA",1962,"No saludable"
"Chili Cheese Dog","Dairy Queen",274,380,24,11,1,55,900,23,1,3,16,56.8421052631579,3,56.25,"Joliet, IL",1940,"No saludable"
"Chili Cheese Mega Dog","Dairy Queen",282,760,49,21,2,100,1570,48,2,6,32,58.0263157894737,7,49.0625,"Joliet, IL",1940,"No saludable"
"Chili Dog","Dairy Queen",275,330,20,8,1,40,1050,24,1,5,13,54.5454545454545,1,80.7692307692308,"Joliet, IL",1940,"No saludable"
"Chipotle Crispy Chicken Griller","Taco Bell",494,290,18,3,0,25,640,22,1,1,9,55.8620689655172,6,71.1111111111111,"Downey, CA",1962,"No saludable"
"Chipotle Southwest Steak & Cheese Wrap","Subway",394,760,37,12,1,100,2250,65,4,7,43,43.8157894736842,28,52.3255813953488,"Bridgeport, CT",1965,"No saludable"
"Chopped Side Salad","Arbys",188,70,5,2.5,0,15,100,4,1,2,5,64.2857142857143,1.5,20,"Boardman, OH",1964,"No saludable"
"Classic Chicken Sandwich","Mcdonalds",8,510,24,4,0,65,1040,49,3,6,25,42.3529411764706,18,41.6,"San Bernardino, CA",1940,"No saludable"
"Classic French Dip & Swiss/Au Jus","Arbys",149,540,23,11,1,85,2500,50,2,3,35,38.3333333333333,23,71.4285714285714,"Boardman, OH",1964,"No saludable"
"Classic Roast Beef","Arbys",150,360,14,5,0.5,50,970,37,2,5,23,35,15,42.1739130434783,"Boardman, OH",1964,"No saludable"
"Cold Cut Combo Salad","Subway",378,180,11,4,0,45,820,12,4,5,12,55,7,68.3333333333333,"Bridgeport, CT",1965,"No saludable"
"Cool Ranch Habanero Double Stacked Taco","Taco Bell",443,350,20,8,0.5,40,630,30,4,3,13,51.4285714285714,6,48.4615384615385,"Downey, CA",1962,"No saludable"
"Cool Ranch® Doritos® Double Decker® Taco","Taco Bell",435,320,14,5,0,25,770,36,6,2,13,39.375,12,59.2307692307692,"Downey, CA",1962,"No saludable"
"Cool Ranch® Doritos® Locos Taco","Taco Bell",436,160,10,3.5,0,25,350,13,2,1,8,56.25,5.5,43.75,"Downey, CA",1962,"No saludable"
"Cool Ranch® Doritos® Locos Taco Supreme","Taco Bell",437,200,12,4.5,0,35,370,15,3,3,9,54,4.5,41.1111111111111,"Downey, CA",1962,"No saludable"
"Corn Dog","Dairy Queen",283,260,15,4,0,20,450,26,1,7,6,51.9230769230769,-4,75,"Joliet, IL",1940,"No saludable"
"Corn Dog","Dairy Queen",283,260,15,4,0,20,450,26,1,7,6,51.9230769230769,-4,75,"Joliet, IL",1940,"No saludable"
"Corn Dog","Sonic",135,210,11,4,0,20,530,23,2,4,6,47.1428571428571,0,88.3333333333333,"Shawnee, OK",1953,"No saludable"
"Corn Dog","Sonic",135,210,11,4,0,20,530,23,2,4,6,47.1428571428571,0,88.3333333333333,"Shawnee, OK",1953,"No saludable"
"Corned Beef 'n Cheese Slider","Arbys",182,220,9,3.5,0,30,890,21,1,1,14,36.8181818181818,10.5,63.5714285714286,"Boardman, OH",1964,"No saludable"
"Crispy Asiago Caesar Chicken Club Sandwich","Sonic",108,680,39,9,0,80,1120,53,4,7,31,51.6176470588235,19,36.1290322580645,"Shawnee, OK",1953,"No saludable"
"Crispy Bacon Smokehouse Chicken Sandwich","Mcdonalds",5,920,45,12,0.5,120,1980,81,4,18,46,44.0217391304348,20,43.0434782608696,"San Bernardino, CA",1940,"No saludable"
"Crispy Chicken BLT Salad","Dairy Queen",295,520,31,10,0,100,1470,25,9,6,37,53.6538461538462,30,39.7297297297297,"Joliet, IL",1940,"No saludable"
"Crispy Chicken Farmhouse Salad","Arbys",189,430,24,8,0,65,1000,26,4,4,28,50.2325581395349,20,35.7142857142857,"Boardman, OH",1964,"No saludable"
"Crispy Chicken Garden Greens Salad","Dairy Queen",296,280,13,2,0,40,670,24,9,6,17,41.7857142857143,18,39.4117647058824,"Joliet, IL",1940,"Saludable"
"Crispy Chicken Jr.","Burger King",248,430,28,4.5,0,30,760,34,2,4,12,58.6046511627907,5.5,63.3333333333333,"Miami, FL",1954,"No saludable"
"Crispy Chicken Quesadilla","Taco Bell",495,650,37,13,0.5,75,1480,51,5,3,26,51.2307692307692,15,56.9230769230769,"Downey, CA",1962,"No saludable"
"Crispy Chicken Sandwich","Dairy Queen",297,600,30,5,0,55,1250,59,7,8,24,45,18,52.0833333333333,"Joliet, IL",1940,"No saludable"
"Crispy Chicken Sandwich","Dairy Queen",297,600,30,5,0,55,1250,59,7,8,24,45,18,52.0833333333333,"Joliet, IL",1940,"No saludable"
"Crispy Chicken Sandwich","Dairy Queen",297,600,30,5,0,55,1250,59,7,8,24,45,18,52.0833333333333,"Joliet, IL",1940,"No saludable"
"Crispy Chicken Sandwich","Burger King",249,670,41,7,0.5,60,1070,54,2,7,23,55.0746268656716,11,46.5217391304348,"Miami, FL",1954,"No saludable"
"Crispy Chicken Sandwich","Burger King",249,670,41,7,0.5,60,1070,54,2,7,23,55.0746268656716,11,46.5217391304348,"Miami, FL",1954,"No saludable"
"Crispy Chicken Sandwich","Burger King",249,670,41,7,0.5,60,1070,54,2,7,23,55.0746268656716,11,46.5217391304348,"Miami, FL",1954,"No saludable"
"Crispy Chicken Sandwich","Sonic",110,570,33,5,0,45,1060,47,4,6,23,52.1052631578947,16,46.0869565217391,"Shawnee, OK",1953,"No saludable"
"Crispy Chicken Sandwich","Sonic",110,570,33,5,0,45,1060,47,4,6,23,52.1052631578947,16,46.0869565217391,"Shawnee, OK",1953,"No saludable"
"Crispy Chicken Sandwich","Sonic",110,570,33,5,0,45,1060,47,4,6,23,52.1052631578947,16,46.0869565217391,"Shawnee, OK",1953,"No saludable"
"Crispy Chicken Wrap","Dairy Queen",298,350,21,5,0,35,820,30,2,1,12,54,8,68.3333333333333,"Joliet, IL",1940,"No saludable"
"Crispy Fish Sandwich","Dairy Queen",284,470,22,3,0,20,1210,53,2,7,17,42.1276595744681,9,71.1764705882353,"Joliet, IL",1940,"No saludable"
"Crispy Garlic White Cheddar Chicken Sandwich","Mcdonalds",14,700,34,9,0,85,1190,67,5,11,33,43.7142857142857,18,36.0606060606061,"San Bernardino, CA",1940,"No saludable"
"Crispy Maple Bacon Dijon Chicken Sandwich","Mcdonalds",19,740,35,9,0.5,95,1780,69,5,14,39,42.5675675675676,21,45.6410256410256,"San Bernardino, CA",1940,"No saludable"
"Crispy Pico Guacamole Chicken Sandwich","Mcdonalds",25,680,32,7,0,80,1430,69,6,12,31,42.3529411764706,18,46.1290322580645,"San Bernardino, CA",1940,"No saludable"
"Crispy Signature Sriracha Chicken Sandwich","Mcdonalds",31,730,33,7,0,80,1430,75,5,13,32,40.6849315068493,17,44.6875,"San Bernardino, CA",1940,"No saludable"
"Crispy Sweet BBQ Bacon Chicken Sandwich","Mcdonalds",34,800,36,9,0.5,95,1820,80,5,18,39,40.5,17,46.6666666666667,"San Bernardino, CA",1940,"No saludable"
"Crunchwrap Supreme®","Taco Bell",496,540,21,6,0,30,1110,71,7,7,16,35,10,69.375,"Downey, CA",1962,"No saludable"
"Crunchy Taco","Taco Bell",438,170,10,4,0,25,290,12,3,1,8,52.9411764705882,6,36.25,"Downey, CA",1962,"No saludable"
"Crunchy Taco Supreme®","Taco Bell",439,200,12,5,0,35,320,15,3,2,9,54,5,35.5555555555556,"Downey, CA",1962,"No saludable"
"Deluxe Cheeseburger","Dairy Queen",285,400,18,9,1,65,930,35,1,9,20,40.5,3,46.5,"Joliet, IL",1940,"No saludable"
"Deluxe Double Cheeseburger","Dairy Queen",286,640,34,18,2,125,1240,35,1,9,34,47.8125,8,36.4705882352941,"Joliet, IL",1940,"No saludable"
"Deluxe Double Hamburger","Dairy Queen",287,540,26,13,1,100,750,34,1,9,29,43.3333333333333,8,25.8620689655172,"Joliet, IL",1940,"No saludable"
"Deluxe Hamburger","Dairy Queen",288,350,14,7,1,50,680,34,1,9,17,36,2,40,"Joliet, IL",1940,"No saludable"
"Deluxe Ultimate Chicken Sandwich","Sonic",114,740,39,8,0,90,1550,63,4,12,33,47.4324324324324,17,46.969696969697,"Shawnee, OK",1953,"No saludable"
"Doritos® Cheesy Gordita Crunch - Cool Ranch","Taco Bell",470,490,28,10,1,55,890,40,5,5,20,51.4285714285714,10,44.5,"Downey, CA",1962,"No saludable"
"Doritos® Cheesy Gordita Crunch - Fiery","Taco Bell",471,490,28,10,1,55,890,40,5,4,20,51.4285714285714,11,44.5,"Downey, CA",1962,"No saludable"
"Doritos® Cheesy Gordita Crunch - Nacho Cheese","Taco Bell",472,490,28,10,1,55,880,40,5,5,20,51.4285714285714,10,44,"Downey, CA",1962,"No saludable"
"Double Bacon Cheeseburger","Burger King",201,520,31,14,1,105,1180,33,1,8,31,53.6538461538462,10,38.0645161290323,"Miami, FL",1954,"No saludable"
"Double Bacon Smokehouse Burger","Mcdonalds",3,1130,67,27,3,220,1920,63,3,18,70,53.3628318584071,28,27.4285714285714,"San Bernardino, CA",1940,"No saludable"
"Double Chalupa","Taco Bell",458,600,35,8,0.5,50,1010,50,6,5,21,52.5,14,48.0952380952381,"Downey, CA",1962,"No saludable"
"Double Cheeseburger","Mcdonalds",9,430,21,11,1,85,1040,35,2,7,25,43.953488372093,9,41.6,"San Bernardino, CA",1940,"No saludable"
"Double Cheeseburger","Mcdonalds",9,430,21,11,1,85,1040,35,2,7,25,43.953488372093,9,41.6,"San Bernardino, CA",1940,"No saludable"
"Double Cheeseburger","Burger King",202,450,26,12,1,95,960,29,1,6,26,52,9,36.9230769230769,"Miami, FL",1954,"No saludable"
"Double Cheeseburger","Burger King",202,450,26,12,1,95,960,29,1,6,26,52,9,36.9230769230769,"Miami, FL",1954,"No saludable"
"Double Cheesy Gordita Crunch","Taco Bell",473,570,32,12,1,70,1110,44,7,5,25,50.5263157894737,15,44.4,"Downey, CA",1962,"No saludable"
"Double Chicken Salad","Subway",379,220,5,1.5,0,100,490,10,4,4,36,20.4545454545455,34.5,13.6111111111111,"Bridgeport, CT",1965,"Saludable"
"Double Decker® Taco","Taco Bell",440,320,14,5,0,25,640,37,7,2,13,39.375,13,49.2307692307692,"Downey, CA",1962,"No saludable"
"DOUBLE DECKER® Taco Supreme®","Taco Bell",441,350,16,6,0,35,670,40,7,3,14,41.1428571428571,12,47.8571428571429,"Downey, CA",1962,"No saludable"
"Double Hamburger","Burger King",203,360,18,8,0,70,520,28,1,6,22,45,9,23.6363636363636,"Miami, FL",1954,"No saludable"
"Double Quarter Pound King","Burger King",204,900,54,25,3,210,1740,50,2,11,56,54,22,31.0714285714286,"Miami, FL",1954,"No saludable"
"Double Quarter Pounder® with Cheese","Mcdonalds",10,770,45,21,2.5,175,1290,42,3,10,51,52.5974025974026,23,25.2941176470588,"San Bernardino, CA",1940,"No saludable"
"Double Roast Beef","Arbys",151,510,24,9,1.5,95,1610,38,2,5,38,42.3529411764706,26,42.3684210526316,"Boardman, OH",1964,"No saludable"
"Double Tostada","Taco Bell",497,270,11,4,0,15,650,32,8,2,12,36.6666666666667,14,54.1666666666667,"Downey, CA",1962,"No saludable"
"DOUBLE WHOPPER w/ Cheese","Burger King",218,990,65,24,2,160,1480,53,3,11,52,59.0909090909091,20,28.4615384615385,"Miami, FL",1954,"No saludable"
"DOUBLE WHOPPER w/o Cheese","Burger King",217,900,57,19,2,140,1050,51,3,11,47,57,20,22.3404255319149,"Miami, FL",1954,"No saludable"
"DQ Ultimate® Burger","Dairy Queen",289,780,48,22,2,150,1390,34,1,7,41,55.3846153846154,13,33.9024390243902,"Joliet, IL",1940,"No saludable"
"Express Taco Salad w/ Chips","Taco Bell",498,580,29,9,1,60,1270,59,8,7,23,45,15,55.2173913043478,"Downey, CA",1962,"No saludable"
"Express Taco Salad w/ Chips","Taco Bell",498,580,29,9,1,60,1270,59,8,7,23,45,15,55.2173913043478,"Downey, CA",1962,"No saludable"
"Express Taco Salad w/ Chips","Taco Bell",512,580,29,9,1,60,1270,59,8,7,23,45,15,55.2173913043478,"Downey, CA",1962,"No saludable"
"Express Taco Salad w/ Chips","Taco Bell",512,580,29,9,1,60,1270,59,8,7,23,45,15,55.2173913043478,"Downey, CA",1962,"No saludable"
"Extra Long Cheeseburger","Burger King",205,580,33,13,1.5,85,1030,45,2,9,26,51.2068965517241,6,39.6153846153846,"Miami, FL",1954,"No saludable"
"Fiery Doritos® Double Decker® Taco","Taco Bell",445,320,13,5,0,25,770,36,7,2,14,36.5625,14,55,"Downey, CA",1962,"No saludable"
"Fiery Doritos® Locos Taco","Taco Bell",446,170,10,3.5,0,25,370,12,3,1,8,52.9411764705882,6.5,46.25,"Downey, CA",1962,"No saludable"
"Fiery Doritos® Locos Taco Supreme","Taco Bell",447,200,12,5,0,30,390,15,3,2,9,54,5,43.3333333333333,"Downey, CA",1962,"No saludable"
"Fiesta Taco Salad-Beef","Taco Bell",513,780,42,10,1,60,1340,74,11,7,26,48.4615384615385,20,51.5384615384615,"Downey, CA",1962,"No saludable"
"Fiesta Taco Salad-Chicken","Taco Bell",514,720,35,7,0,70,1260,70,8,8,32,43.75,25,39.375,"Downey, CA",1962,"No saludable"
"Fiesta Taco Salad-Steak","Taco Bell",515,720,36,8,1,55,1340,70,8,8,28,45,20,47.8571428571429,"Downey, CA",1962,"No saludable"
"Filet-O-Fish®","Mcdonalds",11,380,18,4,0,40,640,38,2,5,15,42.6315789473684,8,42.6666666666667,"San Bernardino, CA",1940,"No saludable"
"Fire-Roasted Philly Steak","Arbys",152,640,32,11,0.5,105,1950,46,3,4,42,45,30,46.4285714285714,"Boardman, OH",1964,"No saludable"
"Footlong B.L.T.","Subway",306,640,18,8,0,40,1360,86,10,12,30,25.3125,20,45.3333333333333,"Bridgeport, CT",1965,"No saludable"
"Footlong BBQ Rib Sandwich","Subway",308,860,36,12,0,100,1180,94,10,16,38,37.6744186046512,20,31.0526315789474,"Bridgeport, CT",1965,"No saludable"
"Footlong Big Hot Pastrami","Subway",310,1160,62,22,0,170,2940,94,10,14,58,48.1034482758621,32,50.6896551724138,"Bridgeport, CT",1965,"No saludable"
"Footlong Big Philly Cheesesteak","Subway",312,1000,34,18,2,170,2620,102,12,16,76,30.6,54,34.4736842105263,"Bridgeport, CT",1965,"No saludable"
"Footlong Black Forest Ham","Subway",315,580,10,2,0,40,1660,92,10,16,36,15.5172413793103,28,46.1111111111111,"Bridgeport, CT",1965,"No saludable"
"Footlong Carved Turkey","Subway",317,660,10,2,0,90,1780,90,10,14,50,13.6363636363636,44,35.6,"Bridgeport, CT",1965,"No saludable"
"Footlong Carved Turkey & Bacon w/ Cheese","Subway",319,1140,52,14,0,140,3200,92,10,16,66,41.0526315789474,46,48.4848484848485,"Bridgeport, CT",1965,"No saludable"
"Footlong Chicken & Bacon Ranch Melt","Subway",321,1140,56,20,2,190,2160,94,10,16,70,44.2105263157895,44,30.8571428571429,"Bridgeport, CT",1965,"No saludable"
"Footlong Chicken Pizziola Melt","Subway",323,920,32,12,0,160,2280,98,12,18,64,31.304347826087,46,35.625,"Bridgeport, CT",1965,"No saludable"
"Footlong Cold Cut Combo","Subway",325,740,26,8,0,100,2280,92,10,14,36,31.6216216216216,24,63.3333333333333,"Bridgeport, CT",1965,"No saludable"
"Footlong Corned Beef Reuben","Subway",327,940,30,9,0,170,3540,90,14,24,78,28.7234042553192,59,45.3846153846154,"Bridgeport, CT",1965,"No saludable"
"Footlong Italian B.M.T.","Subway",329,820,32,12,0,90,2600,92,10,16,40,35.1219512195122,22,65,"Bridgeport, CT",1965,"No saludable"
"Footlong Italian Hero","Subway",331,1100,58,20,0,150,2940,94,10,18,52,47.4545454545455,24,56.5384615384615,"Bridgeport, CT",1965,"No saludable"
"Footlong Meatball Marinara","Subway",333,960,36,14,2,60,1900,118,16,24,42,33.75,20,45.2380952380952,"Bridgeport, CT",1965,"No saludable"
"Footlong Oven Roasted Chicken","Subway",335,640,10,4,0,50,1280,44,10,16,46,14.0625,36,27.8260869565217,"Bridgeport, CT",1965,"No saludable"
"Footlong Quarter Pound Coney","Sonic",136,830,54,22,1,85,1940,54,3,9,30,58.5542168674699,2,64.6666666666667,"Shawnee, OK",1953,"No saludable"
"Footlong Roast Beef","Subway",338,640,10,4,0,80,1400,90,10,14,48,14.0625,40,29.1666666666667,"Bridgeport, CT",1965,"No saludable"
"Footlong Rotisserie Style Chicken","Subway",340,700,12,3,0,100,1080,88,10,14,58,15.4285714285714,51,18.6206896551724,"Bridgeport, CT",1965,"No saludable"
"Footlong Spicy Italian","Subway",342,960,48,18,2,100,3040,92,10,16,40,45,16,76,"Bridgeport, CT",1965,"No saludable"
"Footlong Steak and Cheese","Subway",344,760,20,10,0,100,2120,96,10,16,52,23.6842105263158,36,40.7692307692308,"Bridgeport, CT",1965,"No saludable"
"Footlong Subway Club","Subway",346,620,10,4,0,80,1760,92,10,14,46,14.5161290322581,38,38.2608695652174,"Bridgeport, CT",1965,"No saludable"
"Footlong Subway Melt (includes cheese)","Subway",348,740,22,10,0,90,1420,94,10,16,46,26.7567567567568,30,30.8695652173913,"Bridgeport, CT",1965,"No saludable"
"Footlong Subway Seafood Sensation","Subway",350,840,38,6,0,40,1380,102,10,16,26,40.7142857142857,14,53.0769230769231,"Bridgeport, CT",1965,"No saludable"
"Footlong Sweet Onion Chicken Teriyaki","Subway",352,760,10,2,0,100,1800,118,10,36,52,11.8421052631579,24,34.6153846153846,"Bridgeport, CT",1965,"No saludable"
"Footlong Tuna","Subway",354,940,48,8,0,60,1240,88,10,12,40,45.9574468085106,30,31,"Bridgeport, CT",1965,"No saludable"
"Footlong Turkey & Bacon Avocado","Subway",356,780,26,7,0,60,1720,98,16,14,44,30,39,39.0909090909091,"Bridgeport, CT",1965,"No saludable"
"Footlong Turkey Breast","Subway",359,560,8,2,0,40,1620,92,10,14,36,12.8571428571429,30,45,"Bridgeport, CT",1965,"No saludable"
"Footlong Turkey Breast & Ham","Subway",361,560,8,2,0,40,1640,92,10,16,36,12.8571428571429,28,45.5555555555556,"Bridgeport, CT",1965,"No saludable"
"Footlong Turkey Italiano Melt (with Provolone)","Subway",363,980,48,18,2,100,2960,94,10,16,48,44.0816326530612,24,61.6666666666667,"Bridgeport, CT",1965,"No saludable"
"Footlong Veggie Delite","Subway",366,460,6,2,0,0,620,88,10,12,16,11.7391304347826,12,38.75,"Bridgeport, CT",1965,"No saludable"
"Footlong Veggie Patty","Subway",368,780,14,2,0,20,1600,112,16,16,46,16.1538461538462,44,34.7826086956522,"Bridgeport, CT",1965,"No saludable"
"Fresco Bean Burrito","Taco Bell",462,350,9,3,0,0,950,57,9,3,11,23.1428571428571,14,86.3636363636364,"Downey, CA",1962,"No saludable"
"Fresco Burrito Supreme® – Chicken","Taco Bell",463,340,8,3,0,25,1020,50,7,4,17,21.1764705882353,17,60,"Downey, CA",1962,"Saludable"
"Fresco Burrito Supreme® – Steak","Taco Bell",464,340,9,3,0,15,1060,50,7,4,15,23.8235294117647,15,70.6666666666667,"Downey, CA",1962,"No saludable"
"Fresco Chicken Soft Taco","Taco Bell",465,150,4,1,0,25,460,18,2,2,11,24,10,41.8181818181818,"Downey, CA",1962,"No saludable"
"Fresco Crunchy Taco","Taco Bell",466,140,8,2,0,20,290,13,3,1,6,51.4285714285714,6,48.3333333333333,"Downey, CA",1962,"No saludable"
"Fresco Grilled Steak Soft Taco","Taco Bell",467,150,4,2,0,15,500,19,2,2,9,24,7,55.5555555555556,"Downey, CA",1962,"No saludable"
"Fresco Soft Taco","Taco Bell",468,170,7,3,0,20,500,20,3,2,8,37.0588235294118,6,62.5,"Downey, CA",1962,"No saludable"
"Garden Grilled Chicken Salad w/ Crispy Chicken, no dressing","Burger King",232,450,24,7,0,85,1070,30,5,6,29,48,21,36.8965517241379,"Miami, FL",1954,"No saludable"
"Garden Grilled Chicken Salad w/ Grilled Chicken, no dressing","Burger King",231,320,14,6,0,115,650,16,2,4,36,39.375,28,18.0555555555556,"Miami, FL",1954,"No saludable"
"Garlic Parmesan Dunked Ultimate Chicken Sandwich","Sonic",116,1350,100,17,0,190,2180,69,4,10,23,66.6666666666667,0,94.7826086956522,"Shawnee, OK",1953,"No saludable"
"Garlic White Cheddar Burger","Mcdonalds",12,620,34,13,1.5,95,790,48,3,11,32,49.3548387096774,11,24.6875,"San Bernardino, CA",1940,"No saludable"
"Gordita Supreme® - Chicken","Taco Bell",475,270,10,4,0,40,510,29,2,6,16,33.3333333333333,8,31.875,"Downey, CA",1962,"No saludable"
"Gordita Supreme® - Steak","Taco Bell",476,270,11,4,0,30,550,29,2,6,14,36.6666666666667,6,39.2857142857143,"Downey, CA",1962,"No saludable"
"Gordita Supreme® – Beef","Taco Bell",474,300,14,5,0,30,550,31,4,6,13,42,6,42.3076923076923,"Downey, CA",1962,"No saludable"
"Grand Turkey Club","Arbys",153,480,24,7,0,65,1610,37,2,9,30,45,16,53.6666666666667,"Boardman, OH",1964,"No saludable"
"Greek Gyro","Arbys",154,710,44,13,0,75,1360,55,4,6,23,55.7746478873239,8,59.1304347826087,"Boardman, OH",1964,"No saludable"
"Greek Gyro Salad","Arbys",190,420,37,9,0,55,700,11,2,4,10,79.2857142857143,-1,70,"Boardman, OH",1964,"No saludable"
"Grilled Asiago Caesar Chicken Club Sandwich","Sonic",107,610,30,7,0,110,1570,44,3,8,40,44.2622950819672,28,39.25,"Shawnee, OK",1953,"No saludable"
"Grilled Bacon Smokehouse Chicken Sandwich","Mcdonalds",4,750,31,10,0.5,155,1940,62,2,18,55,37.2,29,35.2727272727273,"San Bernardino, CA",1940,"No saludable"
"Grilled Chicken BLT Salad","Dairy Queen",299,380,19,9,0,100,1540,11,3,6,42,45,30,36.6666666666667,"Joliet, IL",1940,"No saludable"
"Grilled Chicken Garden Greens Salad","Dairy Queen",300,150,2,0.5,0,40,730,10,3,6,23,12,19.5,31.7391304347826,"Joliet, IL",1940,"No saludable"
"Grilled Chicken Sandwich","Sonic",109,430,20,4,0,80,940,33,2,6,28,41.8604651162791,20,33.5714285714286,"Shawnee, OK",1953,"No saludable"
"Grilled Chicken Sandwich","Sonic",109,430,20,4,0,80,940,33,2,6,28,41.8604651162791,20,33.5714285714286,"Shawnee, OK",1953,"No saludable"
"Grilled Chicken Sandwich","Sonic",109,430,20,4,0,80,940,33,2,6,28,41.8604651162791,20,33.5714285714286,"Shawnee, OK",1953,"No saludable"
"Grilled Chicken Sandwich","Burger King",250,470,19,3.5,0,85,850,39,2,6,37,36.3829787234043,29.5,22.972972972973,"Miami, FL",1954,"No saludable"
"Grilled Chicken Sandwich","Burger King",250,470,19,3.5,0,85,850,39,2,6,37,36.3829787234043,29.5,22.972972972973,"Miami, FL",1954,"No saludable"
"Grilled Chicken Sandwich","Burger King",250,470,19,3.5,0,85,850,39,2,6,37,36.3829787234043,29.5,22.972972972973,"Miami, FL",1954,"No saludable"
"Grilled Chicken Sandwich","Dairy Queen",301,360,15,3,0,50,1040,32,1,5,25,37.5,18,41.6,"Joliet, IL",1940,"No saludable"
"Grilled Chicken Sandwich","Dairy Queen",301,360,15,3,0,50,1040,32,1,5,25,37.5,18,41.6,"Joliet, IL",1940,"No saludable"
"Grilled Chicken Sandwich","Dairy Queen",301,360,15,3,0,50,1040,32,1,5,25,37.5,18,41.6,"Joliet, IL",1940,"No saludable"
"Grilled Chicken Wrap","Dairy Queen",302,280,15,4,0,30,800,22,1,1,15,48.2142857142857,11,53.3333333333333,"Joliet, IL",1940,"No saludable"
"Grilled Chili Cheese Dog","Burger King",251,330,19,8,1,40,980,28,2,5,14,51.8181818181818,3,70,"Miami, FL",1954,"No saludable"
"Grilled Garlic White Cheddar Chicken Sandwich","Mcdonalds",13,530,20,7,0,125,1150,48,3,11,42,33.9622641509434,27,27.3809523809524,"San Bernardino, CA",1940,"No saludable"
"Grilled Hot Dog","Burger King",252,310,16,6,1,30,960,32,2,10,11,46.4516129032258,-3,87.2727272727273,"Miami, FL",1954,"No saludable"
"Grilled Maple Bacon Dijon Chicken Sandwich","Mcdonalds",18,580,21,8,0,135,1890,50,3,14,48,32.5862068965517,29,39.375,"San Bernardino, CA",1940,"No saludable"
"Grilled Pico Guacamole Chicken Sandwich","Mcdonalds",24,520,18,6,0,115,1540,50,4,12,40,31.1538461538462,26,38.5,"San Bernardino, CA",1940,"No saludable"
"Grilled Signature Sriracha Chicken Sandwich","Mcdonalds",30,560,20,5,0,115,1550,56,4,14,41,32.1428571428571,26,37.8048780487805,"San Bernardino, CA",1940,"No saludable"
"Grilled Steak Soft Taco","Taco Bell",448,250,14,4,0,30,550,19,2,2,11,50.4,7,50,"Downey, CA",1962,"No saludable"
"Grilled Sweet BBQ Bacon Chicken Sandwich","Mcdonalds",33,630,22,7,0,135,1930,61,4,18,48,31.4285714285714,27,40.2083333333333,"San Bernardino, CA",1940,"No saludable"
"Half Pound Beef 'n Cheddar Sandwich","Arbys",155,740,39,14,2,130,2530,48,2,9,49,47.4324324324324,28,51.6326530612245,"Boardman, OH",1964,"No saludable"
"Half Pound French Dip & Swiss","Arbys",156,750,36,17,2,150,3350,51,2,3,55,43.2,37,60.9090909090909,"Boardman, OH",1964,"No saludable"
"Half Pound Roast Beef Sandwich","Arbys",157,610,30,12,2,130,2040,38,2,5,48,44.2622950819672,33,42.5,"Boardman, OH",1964,"No saludable"
"Ham 'n Cheese Slider","Arbys",183,210,8,3,0,25,780,21,1,2,13,34.2857142857143,9,60,"Boardman, OH",1964,"No saludable"
"Ham & Swiss Melt","Arbys",158,300,9,4,0,35,1030,37,2,6,18,27,10,57.2222222222222,"Boardman, OH",1964,"No saludable"
"Hamburger","Burger King",207,260,10,4,0,35,490,28,1,6,13,34.6153846153846,4,37.6923076923077,"Miami, FL",1954,"No saludable"
"Hamburger","Burger King",207,260,10,4,0,35,490,28,1,6,13,34.6153846153846,4,37.6923076923077,"Miami, FL",1954,"No saludable"
"Hamburger","Mcdonalds",15,250,8,3,0,30,480,31,2,6,13,28.8,6,36.9230769230769,"San Bernardino, CA",1940,"No saludable"
"Hamburger","Mcdonalds",15,250,8,3,0,30,480,31,2,6,13,28.8,6,36.9230769230769,"San Bernardino, CA",1940,"No saludable"
"Hatch Green Chile Cheeseburger","Sonic",85,710,43,17,2,120,1120,44,2,7,35,54.5070422535211,13,32,"Shawnee, OK",1953,"No saludable"
"Homestyle Cheeseburger","Burger King",208,550,27,12,1.5,95,1140,48,2,10,30,44.1818181818182,10,38,"Miami, FL",1954,"No saludable"
"Hot Dog","Dairy Queen",276,290,17,7,1,35,900,22,1,4,11,52.7586206896552,1,81.8181818181818,"Joliet, IL",1940,"No saludable"
"Italian B.M.T.® Salad","Subway",380,230,15,6,0,45,1060,12,4,6,14,58.695652173913,6,75.7142857142857,"Bridgeport, CT",1965,"No saludable"
"Italian Hero Salad","Subway",381,230,15,5,0,45,1060,13,4,8,14,58.695652173913,5,75.7142857142857,"Bridgeport, CT",1965,"No saludable"
"Jalapeno Burger","Sonic",86,640,37,14,2,100,930,42,2,6,31,52.03125,13,30,"Shawnee, OK",1953,"No saludable"
"Jalapeno Chicken Fries","Burger King",253,300,18,3,0,40,950,19,1,1,15,54,12,63.3333333333333,"Miami, FL",1954,"No saludable"
"Jalapeno King Sandwich","Burger King",209,990,65,24,3,205,1550,46,2,7,55,59.0909090909091,26,28.1818181818182,"Miami, FL",1954,"No saludable"
"Jalapeno Roast Beef 'n Cheese Slider","Arbys",184,240,11,4.5,0,30,670,21,1,1,14,41.25,9.5,47.8571428571429,"Boardman, OH",1964,"No saludable"
"Jr. Burger","Sonic",87,340,17,6,1,35,640,34,1,6,15,45,4,42.6666666666667,"Shawnee, OK",1953,"No saludable"
"Jr. Chili Cheeseburger","Sonic",88,410,24,9,0.5,55,730,32,1,4,20,52.6829268292683,8,36.5,"Shawnee, OK",1953,"No saludable"
"Jr. Deluxe Burger","Sonic",89,380,23,6,1,40,470,32,1,4,15,54.4736842105263,6,31.3333333333333,"Shawnee, OK",1953,"No saludable"
"Jr. Deluxe Cheeseburger","Sonic",90,450,28,9,1,60,800,33,1,4,19,56,7,42.1052631578947,"Shawnee, OK",1953,"No saludable"
"Jr. Double Cheeseburger","Sonic",91,600,38,16,2,110,1350,35,1,7,31,57,9,43.5483870967742,"Shawnee, OK",1953,"No saludable"
"Kids Mini Sub Black Forest Ham","Subway",313,180,3,0.5,0,10,450,30,3,5,10,15,7.5,45,"Bridgeport, CT",1965,"No saludable"
"Kids Mini Sub Roast Beef","Subway",336,200,3,1,0,25,390,30,4,5,14,13.5,12,27.8571428571429,"Bridgeport, CT",1965,"No saludable"
"Kids Mini Sub Turkey Breast","Subway",357,180,2,0.5,0,10,380,30,3,5,10,10,7.5,38,"Bridgeport, CT",1965,"No saludable"
"Kids Mini Sub Veggie Delite","Subway",364,150,2,0,0,0,190,29,3,4,6,12,5,31.6666666666667,"Bridgeport, CT",1965,"No saludable"
"Large Cheese Curds","Dairy Queen",281,1050,75,43,1,180,2210,52,0,30,43,64.2857142857143,-30,51.3953488372093,"Joliet, IL",1940,"No saludable"
"Large Jumbo Popcorn Chicken","Sonic",118,560,32,6,1,65,1890,41,5,2,27,51.4285714285714,24,70,"Shawnee, OK",1953,"No saludable"
"Large Spicy Jumbo Popcorn Chicken","Sonic",120,610,30,5,0,80,1500,51,3,0,36,44.2622950819672,34,41.6666666666667,"Shawnee, OK",1953,"No saludable"
"Loaded Italian Sandwich","Arbys",159,680,40,14,0.5,100,2270,49,3,7,32,52.9411764705882,14,70.9375,"Boardman, OH",1964,"No saludable"
"Loaded Potato Griller","Taco Bell",499,470,22,6,0,25,1120,55,4,5,13,42.1276595744681,6,86.1538461538462,"Downey, CA",1962,"No saludable"
"Loaded Taco Burrito","Taco Bell",419,550,29,9,0.5,50,1130,52,7,4,20,47.4545454545455,14,56.5,"Downey, CA",1962,"No saludable"
"Lobster Roll","Mcdonalds",16,290,5,1.5,0,65,630,35,2,3,24,15.5172413793103,21.5,26.25,"San Bernardino, CA",1940,"No saludable"
"Maple Bacon Dijon 1/4 lb Burger","Mcdonalds",17,640,36,14,1.5,110,1260,40,3,10,37,50.625,16,34.0540540540541,"San Bernardino, CA",1940,"No saludable"
"McChicken","Mcdonalds",20,350,15,3.5,0,40,600,40,2,5,15,38.5714285714286,8.5,40,"San Bernardino, CA",1940,"No saludable"
"McDouble","Mcdonalds",21,380,18,8,1,70,840,34,2,7,23,42.6315789473684,10,36.5217391304348,"San Bernardino, CA",1940,"No saludable"
"McRib","Mcdonalds",22,480,22,7,0,80,870,45,2,12,25,41.25,8,34.8,"San Bernardino, CA",1940,"No saludable"
"Meatball Marinara Salad","Subway",382,310,17,7,1,30,720,25,6,10,16,49.3548387096774,5,45,"Bridgeport, CT",1965,"No saludable"
"Mexican Pizza","Taco Bell",500,540,31,8,1,40,860,47,7,2,20,51.6666666666667,17,43,"Downey, CA",1962,"No saludable"
"MexiMelt®","Taco Bell",501,270,14,7,1,40,740,21,3,2,14,46.6666666666667,8,52.8571428571429,"Downey, CA",1962,"No saludable"
"Mild Naked Chicken Chalupa","Taco Bell",460,440,30,7,0,70,1090,22,3,1,20,61.3636363636364,15,54.5,"Downey, CA",1962,"No saludable"
"Nacho Cheese Doritos® Double Decker® Taco","Taco Bell",449,320,13,5,0,25,760,36,7,2,14,36.5625,14,54.2857142857143,"Downey, CA",1962,"No saludable"
"Nacho Cheese Doritos® Locos Tacos","Taco Bell",450,170,9,4,0,25,340,13,2,1,8,47.6470588235294,5,42.5,"Downey, CA",1962,"No saludable"
"Nacho Cheese Doritos® Locos Tacos Supreme","Taco Bell",451,200,11,5,0,35,370,15,3,2,9,49.5,5,41.1111111111111,"Downey, CA",1962,"No saludable"
"Nacho Crunch Double Stacked Taco","Taco Bell",444,380,19,6,0,35,650,39,5,2,13,45,10,50,"Downey, CA",1962,"No saludable"
"Nacho Fries Bellgrande","Taco Bell",477,710,41,6,0,30,1420,73,10,4,13,51.9718309859155,13,109.230769230769,"Downey, CA",1962,"No saludable"
"Nachos BellGrande®","Taco Bell",478,760,39,6,0,30,1100,82,13,5,18,46.1842105263158,20,61.1111111111111,"Downey, CA",1962,"No saludable"
"Nachos Supreme","Taco Bell",479,430,23,5,0,30,690,44,7,3,12,48.1395348837209,11,57.5,"Downey, CA",1962,"No saludable"
"Original Cheeseburger","Dairy Queen",268,400,18,9,1,65,930,34,1,8,19,40.5,3,48.9473684210526,"Joliet, IL",1940,"No saludable"
"Original Chicken Sandwich","Burger King",254,630,39,7,1,65,1390,46,3,4,24,55.7142857142857,16,57.9166666666667,"Miami, FL",1954,"No saludable"
"Original Double Cheeseburger","Dairy Queen",269,630,34,18,2,125,1240,34,1,9,34,48.5714285714286,8,36.4705882352941,"Joliet, IL",1940,"No saludable"
"Original Triple Double Crunchwrap","Taco Bell",510,700,30,9,0.5,45,1550,85,9,7,23,38.5714285714286,16,67.3913043478261,"Downey, CA",1962,"No saludable"
"Oven Roasted Chicken Salad","Subway",383,140,3,0.5,0,50,280,10,4,4,19,19.2857142857143,18.5,14.7368421052632,"Bridgeport, CT",1965,"Saludable"
"Pecan Chicken Salad Flatbread","Arbys",160,710,46,7,0.5,65,980,53,4,9,22,58.3098591549296,10,44.5454545454545,"Boardman, OH",1964,"No saludable"
"Pecan Chicken Salad Sandwich","Arbys",161,840,44,6,0.5,75,1210,81,6,20,33,47.1428571428571,13,36.6666666666667,"Boardman, OH",1964,"No saludable"
"Pepperoni Pizza","Subway",399,790,32,13,0,60,1350,96,4,8,38,36.4556962025316,21,35.5263157894737,"Bridgeport, CT",1965,"No saludable"
"Pico Guacamole 1/4 lb Burger","Mcdonalds",23,580,33,12,1.5,95,920,41,4,7,29,51.2068965517241,14,31.7241379310345,"San Bernardino, CA",1940,"No saludable"
"Pizza Slider","Arbys",185,300,17,6,0,35,930,23,1,2,13,51,6,71.5384615384615,"Boardman, OH",1964,"No saludable"
"Pork Tenderloin Sandwich","Dairy Queen",290,580,34,7,0,45,910,48,2,6,19,52.7586206896552,8,47.8947368421053,"Joliet, IL",1940,"No saludable"
"Premium Asian Salad w/ Crispy Chicken","Mcdonalds",51,490,28,8,0,95,1120,28,4,4,33,51.4285714285714,25,33.9393939393939,"San Bernardino, CA",1940,"No saludable"
"Premium Asian Salad w/ Grilled Chicken","Mcdonalds",50,270,9,1,0,80,740,18,5,10,31,30,25,23.8709677419355,"San Bernardino, CA",1940,"No saludable"
"Premium Asian Salad w/o Chicken","Mcdonalds",49,140,7,0.5,0,0,20,13,5,7,7,45,4.5,2.85714285714286,"San Bernardino, CA",1940,"No saludable"
"Premium Bacon Ranch Salad w/ Crispy Chicken","Mcdonalds",54,490,28,8,0,95,1120,28,4,4,33,51.4285714285714,25,33.9393939393939,"San Bernardino, CA",1940,"No saludable"
"Premium Bacon Ranch Salad w/ Grilled Chicken","Mcdonalds",53,320,14,6,0,45,1230,9,3,4,42,39.375,35,29.2857142857143,"San Bernardino, CA",1940,"No saludable"
"Premium Bacon Ranch Salad w/o Chicken","Mcdonalds",52,190,12,5,0,40,660,9,3,3,14,56.8421052631579,9,47.1428571428571,"San Bernardino, CA",1940,"No saludable"
"Premium Buttermilk Crispy Chicken Deluxe Sandwich","Mcdonalds",26,570,23,5,0,60,1050,64,4,11,28,36.3157894736842,16,37.5,"San Bernardino, CA",1940,"No saludable"
"Premium Crispy Chicken Deluxe Sandwich","Mcdonalds",27,530,22,4,0,45,1000,59,3,13,25,37.3584905660377,11,40,"San Bernardino, CA",1940,"No saludable"
"Premium Southwest Salad w/ Crispy Chicken","Mcdonalds",57,520,25,6,0,75,960,46,8,9,28,43.2692307692308,21,34.2857142857143,"San Bernardino, CA",1940,"No saludable"
"Premium Southwest Salad w/ Grilled Chicken","Mcdonalds",56,350,12,4.5,0,110,1070,27,6,9,37,30.8571428571429,29.5,28.9189189189189,"San Bernardino, CA",1940,"Saludable"
"Premium Southwest Salad w/o Chicken","Mcdonalds",55,220,10,3.5,0,15,500,26,6,9,8,40.9090909090909,1.5,62.5,"San Bernardino, CA",1940,"No saludable"
"Pretzel Chicken Fries","Burger King",255,340,21,3.5,0,45,1200,21,1,1,16,55.5882352941177,12.5,75,"Miami, FL",1954,"No saludable"
"Quarter Pounder® with Cheese","Mcdonalds",28,530,27,13,1.5,100,1090,41,3,10,31,45.8490566037736,11,35.1612903225806,"San Bernardino, CA",1940,"No saludable"
"Regular Cheese Curds","Dairy Queen",280,550,45,25,0,150,900,0,0,0,35,73.6363636363636,10,25.7142857142857,"Joliet, IL",1940,"No saludable"
"Regular Grilled Chicken Sub Sandwich","Chick Fil-A",78,450,13,6,0,75,1000,48,4,10,34,26,22,29.4117647058824,"Hapeville, GA",1946,"No saludable"
"Relish Dog","Dairy Queen",277,350,20,8,1,35,1000,30,1,6,13,51.4285714285714,0,76.9230769230769,"Joliet, IL",1940,"No saludable"
"Reuben Sandwich","Arbys",165,680,31,8,0.5,80,2420,62,4,5,37,41.0294117647059,28,65.4054054054054,"Boardman, OH",1964,"No saludable"
"Roast Beef 'n Cheese Slider","Arbys",186,240,11,4.5,0,30,670,21,1,1,14,41.25,9.5,47.8571428571429,"Boardman, OH",1964,"No saludable"
"Roast Beef Gyro","Arbys",166,550,29,7,1,60,1290,48,3,5,24,47.4545454545455,15,53.75,"Boardman, OH",1964,"No saludable"
"Roast Beef Salad","Subway",384,140,4,1,0,40,450,10,4,5,18,25.7142857142857,16,25,"Bridgeport, CT",1965,"Saludable"
"Roast Turkey & Swiss Sandwich","Arbys",167,710,28,7,0,65,1930,79,5,15,38,35.4929577464789,21,50.7894736842105,"Boardman, OH",1964,"No saludable"
"Roast Turkey & Swiss Wrap","Arbys",168,520,27,9,0,65,1640,39,4,6,30,46.7307692307692,19,54.6666666666667,"Boardman, OH",1964,"No saludable"
"Roast Turkey Farmhouse Salad","Arbys",191,230,13,7,0,55,870,8,2,5,22,50.8695652173913,12,39.5454545454545,"Boardman, OH",1964,"No saludable"
"Roast Turkey, Ranch & Bacon Sandwich","Arbys",169,800,34,10,0.5,80,2420,79,5,16,45,38.25,24,53.7777777777778,"Boardman, OH",1964,"No saludable"
"Roast Turkey, Ranch & Bacon Wrap","Arbys",170,620,34,11,0.5,85,2130,39,4,6,37,49.3548387096774,24,57.5675675675676,"Boardman, OH",1964,"No saludable"
"Rodeo Burger","Burger King",211,310,13,4,0.5,25,450,38,1,9,9,37.741935483871,-3,50,"Miami, FL",1954,"No saludable"
"Rodeo Crispy Chicken Sandwich","Burger King",256,410,17,3,0,20,870,53,2,14,12,37.3170731707317,-3,72.5,"Miami, FL",1954,"No saludable"
"Rodeo King","Burger King",212,1250,82,31,3.5,230,2270,69,3,14,60,59.04,18,37.8333333333333,"Miami, FL",1954,"No saludable"
"Rotisserie-Style Chicken Caesar Wrap","Subway",395,730,34,10,0.5,135,1900,53,3,4,55,41.9178082191781,44,34.5454545454545,"Bridgeport, CT",1965,"No saludable"
"Sausage Pizza","Subway",400,820,34,14,0,70,1420,97,4,8,39,37.3170731707317,21,36.4102564102564,"Bridgeport, CT",1965,"No saludable"
"Shredded Chicken Burrito","Taco Bell",423,400,18,4.5,0,30,960,45,3,3,16,40.5,11.5,60,"Downey, CA",1962,"No saludable"
"Shredded Chicken Mini Quesadilla","Taco Bell",505,180,8,2.5,0,25,540,15,2,1,12,40,10.5,45,"Downey, CA",1962,"No saludable"
"Side Caesar Salad with dressing","Burger King",233,220,20,4,0,10,540,7,2,3,6,81.8181818181818,1,90,"Miami, FL",1954,"No saludable"
"Side Garden Salad and Avocado Ranch Dressing","Burger King",234,230,21,5,0,30,520,7,2,3,5,82.1739130434783,-1,104,"Miami, FL",1954,"No saludable"
"Side Salad","Dairy Queen",303,20,0,0,0,0,15,5,2,3,1,0,0,15,"Joliet, IL",1940,"No saludable"
"Signature Sriracha Burger","Mcdonalds",29,670,35,12,1.5,95,1010,56,4,13,32,47.0149253731343,11,31.5625,"San Bernardino, CA",1940,"No saludable"
"Single Bacon Smokehouse Burger","Mcdonalds",2,840,45,17,1.5,130,1580,62,2,18,46,48.2142857142857,13,34.3478260869565,"San Bernardino, CA",1940,"No saludable"
"Small Jumbo Popcorn Chicken","Sonic",117,380,22,4,0,45,1250,27,3,1,18,52.1052631578947,16,69.4444444444444,"Shawnee, OK",1953,"No saludable"
"Small Spicy Jumbo Popcorn Chicken","Sonic",119,350,17,3,0,45,860,30,2,0,21,43.7142857142857,20,40.9523809523809,"Shawnee, OK",1953,"No saludable"
"Smoke Mountain w/ Beef Short Rib","Arbys",171,740,35,13,1,125,2050,62,4,17,43,42.5675675675676,17,47.6744186046512,"Boardman, OH",1964,"No saludable"
"Smokehouse BBQ Bacon Sandwich","Chick Fil-A",79,500,18,0,0,95,1200,46,2,10,33,32.4,25,36.3636363636364,"Hapeville, GA",1946,"No saludable"
"Smokehouse Beef Short Rib Sandwich","Arbys",172,590,59,10,1,75,1510,59,4,14,26,90,6,58.0769230769231,"Boardman, OH",1964,"No saludable"
"Smokehouse Brisket","Arbys",173,600,35,12,1,110,1240,42,2,7,33,52.5,16,37.5757575757576,"Boardman, OH",1964,"No saludable"
"Smothered Burrito - Beef","Taco Bell",424,710,35,13,1,75,2260,70,10,4,28,44.3661971830986,21,80.7142857142857,"Downey, CA",1962,"No saludable"
"Smothered Burrito - Shredded Chicken","Taco Bell",425,650,28,10,0,70,2230,67,8,4,34,38.7692307692308,28,65.5882352941177,"Downey, CA",1962,"No saludable"
"Smothered Burrito - Steak","Taco Bell",426,670,29,11,0.5,80,2080,68,7,4,35,38.955223880597,27,59.4285714285714,"Downey, CA",1962,"No saludable"
"Soft Taco Supreme® – Beef","Taco Bell",452,230,11,5,0,35,530,22,3,3,10,43.0434782608696,5,53,"Downey, CA",1962,"No saludable"
"Soft Taco-Beef","Taco Bell",453,200,9,4,0,25,510,19,3,1,10,40.5,8,51,"Downey, CA",1962,"No saludable"
"Sonic Bacon Cheeseburger (w/mayo)","Sonic",92,870,59,20,2,140,1350,45,2,7,39,61.0344827586207,14,34.6153846153846,"Shawnee, OK",1953,"No saludable"
"Sonic Burger W/ Ketchup","Sonic",94,650,37,14,2,100,860,46,2,10,32,51.2307692307692,10,26.875,"Shawnee, OK",1953,"No saludable"
"Sonic Burger W/ Mayonnaise","Sonic",95,740,48,15,2,110,760,44,2,7,31,58.3783783783784,11,24.5161290322581,"Shawnee, OK",1953,"No saludable"
"Sonic Burger W/ Mustard","Sonic",93,640,37,14,2,100,790,43,2,7,31,52.03125,12,25.4838709677419,"Shawnee, OK",1953,"No saludable"
"Sonic Cheeseburger W/ Ketchup","Sonic",97,720,43,17,2,120,1190,47,2,10,35,53.75,10,34,"Shawnee, OK",1953,"No saludable"
"Sonic Cheeseburger W/ Mayonnaise","Sonic",98,800,54,18,2,130,1090,44,2,7,35,60.75,12,31.1428571428571,"Shawnee, OK",1953,"No saludable"
"Sonic Cheeseburger W/ Mustard","Sonic",96,710,43,17,2,120,1120,43,2,7,35,54.5070422535211,13,32,"Shawnee, OK",1953,"No saludable"
"Sourdough Chicken Club","Burger King",257,840,51,12,1,95,1760,62,3,7,32,54.6428571428571,16,55,"Miami, FL",1954,"No saludable"
"Sourdough King Double","Burger King",214,970,61,24,3,205,1640,52,2,12,55,56.5979381443299,21,29.8181818181818,"Miami, FL",1954,"No saludable"
"Sourdough King Single","Burger King",213,730,43,16,1.5,125,1570,52,2,12,35,53.013698630137,9,44.8571428571429,"Miami, FL",1954,"No saludable"
"Spicy Chicken Crunchwrap Slider","Taco Bell",506,400,20,4,0,25,900,42,3,3,15,45,11,60,"Downey, CA",1962,"No saludable"
"Spicy Chicken Sandwich","Chick Fil-A",80,450,19,4,0,60,1620,41,1,5,29,38,21,55.8620689655172,"Hapeville, GA",1946,"No saludable"
"Spicy Crispy Chicken Jr.","Burger King",260,410,25,4.5,0,35,850,35,2,5,12,54.8780487804878,4.5,70.8333333333333,"Miami, FL",1954,"No saludable"
"Spicy Crispy Chicken Sandwich","Burger King",261,700,42,7,0,65,1140,57,3,8,25,54,13,45.6,"Miami, FL",1954,"No saludable"
"Spicy Crispy Jalapeno Chicken Sandwich","Burger King",262,760,45,11,0,95,1720,58,3,8,32,53.2894736842105,16,53.75,"Miami, FL",1954,"No saludable"
"Spicy Deluxe","Chick Fil-A",81,540,25,8,0,80,1760,43,2,6,34,41.6666666666667,22,51.7647058823529,"Hapeville, GA",1946,"No saludable"
"Spicy Double Chalupa","Taco Bell",461,600,35,8,0.5,50,1240,52,7,5,21,52.5,15,59.0476190476191,"Downey, CA",1962,"No saludable"
"Spicy Grilled Chicken Sub Sandwich","Chick Fil-A",77,430,12,4.5,0,85,1310,47,5,9,33,25.1162790697674,24.5,39.6969696969697,"Hapeville, GA",1946,"Saludable"
"Spicy Italian Salad","Subway",385,310,23,9,1,50,1280,11,4,6,15,66.7741935483871,4,85.3333333333333,"Bridgeport, CT",1965,"No saludable"
"Spicy Potato Soft Taco","Taco Bell",454,250,13,3,0,10,510,28,3,1,6,46.8,5,85,"Downey, CA",1962,"No saludable"
"Spicy Sweet Double Stacked Taco","Taco Bell",442,340,18,7,0,35,640,32,4,6,12,47.6470588235294,3,53.3333333333333,"Downey, CA",1962,"No saludable"
"Spicy Tostada","Taco Bell",507,200,10,2.5,0,10,440,22,4,1,7,45,7.5,62.8571428571429,"Downey, CA",1962,"No saludable"
"Spicy Triple Double Crunchwrap","Taco Bell",511,780,38,10,0.5,50,1850,87,9,8,23,43.8461538461538,14,80.4347826086957,"Downey, CA",1962,"No saludable"
"Stacker","Taco Bell",508,390,18,8,0.5,40,1050,39,4,3,18,41.5384615384615,11,58.3333333333333,"Downey, CA",1962,"No saludable"
"Steak & Cheese Salad","Subway",386,210,8,4,0,50,830,14,4,6,20,34.2857142857143,14,41.5,"Bridgeport, CT",1965,"Saludable"
"Steak Crunchy Cheesy Core Burrito","Taco Bell",417,610,24,9,0,50,1520,75,5,5,25,35.4098360655738,16,60.8,"Downey, CA",1962,"No saludable"
"Steak Finger Basket","Dairy Queen",291,910,48,13,0.5,45,2210,95,5,2,23,47.4725274725275,13,96.0869565217391,"Joliet, IL",1940,"No saludable"
"Steak Quesadilla","Taco Bell",509,520,28,12,1,65,1250,41,4,3,25,48.4615384615385,14,50,"Downey, CA",1962,"No saludable"
"Steak Quesalupa","Taco Bell",502,440,23,10,0.5,60,840,36,3,3,22,47.0454545454545,12,38.1818181818182,"Downey, CA",1962,"No saludable"
"Steak Quesarito","Taco Bell",421,630,31,11,0.5,65,1410,64,3,4,25,44.2857142857143,13,56.4,"Downey, CA",1962,"No saludable"
"Steak Spicy Cheesy Core Burrito","Taco Bell",428,550,21,9,0,50,1750,66,5,5,24,34.3636363636364,15,72.9166666666667,"Downey, CA",1962,"No saludable"
"Subway Club Salad","Subway",387,140,4,1,0,40,640,11,4,5,17,25.7142857142857,15,37.6470588235294,"Bridgeport, CT",1965,"Saludable"
"Subway Melt® Salad","Subway",388,200,10,5,0,45,910,13,4,6,18,45,11,50.5555555555556,"Bridgeport, CT",1965,"No saludable"
"Super Greek Salad","Arbys",192,720,53,15,0,85,1310,39,5,7,22,66.25,5,59.5454545454545,"Boardman, OH",1964,"No saludable"
"Super Roast Beef","Arbys",174,430,17,5,1,45,1060,45,3,11,23,35.5813953488372,10,46.0869565217391,"Boardman, OH",1964,"No saludable"
"Super Sonic Bacon Double Cheeseburger (w/mayo)","Sonic",99,1280,92,36,4,260,1630,44,2,7,67,64.6875,26,24.3283582089552,"Shawnee, OK",1953,"No saludable"
"Super Sonic Double Cheeseburger W/ Ketchup","Sonic",101,1130,76,32,4,235,1620,47,2,11,63,60.5309734513274,22,25.7142857142857,"Shawnee, OK",1953,"No saludable"
"Super Sonic Double Cheeseburger W/ Mayo","Sonic",102,1220,87,34,4,245,1520,45,2,8,63,64.1803278688525,23,24.1269841269841,"Shawnee, OK",1953,"No saludable"
"Super Sonic Double Cheeseburger W/ Mustard","Sonic",100,1120,76,32,4,235,1550,44,2,8,63,61.0714285714286,25,24.6031746031746,"Shawnee, OK",1953,"No saludable"
"Super Sonic Jalapeno Double Cheeseburger","Sonic",103,1120,76,32,4,235,1690,43,2,7,63,61.0714285714286,26,26.8253968253968,"Shawnee, OK",1953,"No saludable"
"Sweet BBQ Bacon 1/4 lb Burger","Mcdonalds",32,690,37,14,1.5,110,1310,51,3,14,38,48.2608695652174,13,34.4736842105263,"San Bernardino, CA",1940,"No saludable"
"Sweet Onion Chicken Teriyaki Salad","Subway",389,200,3,1,0,50,660,24,4,16,20,13.5,7,33,"Bridgeport, CT",1965,"No saludable"
"The Original Pretzel Dog","Sonic",137,320,18,7,0,35,910,27,1,2,11,50.625,3,82.7272727272727,"Shawnee, OK",1953,"No saludable"
"Three Cheese Steak Sandwich","Arbys",175,650,36,15,1,115,1760,44,2,9,30,49.8461538461538,8,58.6666666666667,"Boardman, OH",1964,"No saludable"
"Traditional Ultimate Chicken Sandwich","Sonic",127,730,39,8,0,90,1540,62,3,11,32,48.0821917808219,16,48.125,"Shawnee, OK",1953,"No saludable"
"Triple Decker Sandwich","Arbys",176,1030,51,17,1,155,2940,83,5,19,62,44.5631067961165,31,47.4193548387097,"Boardman, OH",1964,"No saludable"
"Triple Layer Nachos","Taco Bell",480,320,15,1.5,0,0,600,41,6,2,7,42.1875,9.5,85.7142857142857,"Downey, CA",1962,"No saludable"
"Triple Melt Burrito","Taco Bell",430,410,16,6,0,30,1030,50,4,3,15,35.1219512195122,10,68.6666666666667,"Downey, CA",1962,"No saludable"
"Triple Melt Nachos","Taco Bell",481,260,16,4.5,0,30,550,19,3,1,10,55.3846153846154,7.5,55,"Downey, CA",1962,"No saludable"
"Tuna Salad","Subway",390,310,24,4,0,40,370,10,4,4,15,69.6774193548387,11,24.6666666666667,"Bridgeport, CT",1965,"No saludable"
"Turkey 'n Cheese Slider","Arbys",187,200,7,2.5,0,25,760,21,1,2,14,31.5,10.5,54.2857142857143,"Boardman, OH",1964,"No saludable"
"Turkey Avocado Club","Arbys",177,730,28,6,0,65,2140,80,6,16,41,34.5205479452055,25,52.1951219512195,"Boardman, OH",1964,"No saludable"
"Turkey BLT Sandwich","Dairy Queen",304,550,26,8,0,60,1420,45,3,3,30,42.5454545454545,22,47.3333333333333,"Joliet, IL",1940,"No saludable"
"Turkey Breast & Ham Salad","Subway",391,110,3,1,0,25,580,11,4,5,12,24.5454545454545,10,48.3333333333333,"Bridgeport, CT",1965,"No saludable"
"Turkey Breast Salad","Subway",392,110,2,1,0,20,570,11,4,5,12,16.3636363636364,10,47.5,"Bridgeport, CT",1965,"No saludable"
"Turkey Gyro","Arbys",178,470,20,3.5,0,45,1520,48,3,5,25,38.2978723404255,19.5,60.8,"Boardman, OH",1964,"No saludable"
"Turkey, Bacon & Guacamole Wrap","Subway",396,810,42,13,0.5,75,2970,62,3,6,43,46.6666666666667,27,69.0697674418605,"Bridgeport, CT",1965,"No saludable"
"Ultimate BLT","Arbys",179,980,55,14,0,85,2130,80,6,19,43,50.5102040816327,16,49.5348837209302,"Boardman, OH",1964,"No saludable"
"Ultimate Chicken Club","Sonic",128,100,64,15,0.5,100,2070,65,4,12,39,576,16,53.0769230769231,"Shawnee, OK",1953,"No saludable"
"Veggie Burger W/ Ketchup","Sonic",104,450,14,4,0,10,1410,67,5,11,15,28,5,94,"Shawnee, OK",1953,"No saludable"
"Veggie Burger W/ Mustard","Sonic",106,450,14,4,0,10,1300,64,5,8,15,28,8,86.6666666666667,"Shawnee, OK",1953,"No saludable"
"Veggie Burger With Mustard","Sonic",105,450,14,4,0,10,1350,64,5,8,15,28,8,90,"Shawnee, OK",1953,"No saludable"
"Veggie Delite Salad","Subway",393,50,1,0,0,0,65,9,4,4,3,18,3,21.6666666666667,"Bridgeport, CT",1965,"No saludable"
"WHOPPER JR. w/ Cheese","Burger King",222,380,23,8,1,55,730,29,2,6,16,54.4736842105263,4,45.625,"Miami, FL",1954,"No saludable"
"WHOPPER JR. w/o Cheese","Burger King",221,340,19,5,0,40,510,28,2,6,14,50.2941176470588,5,36.4285714285714,"Miami, FL",1954,"No saludable"
"WHOPPER w/ Cheese","Burger King",220,760,47,16,1,100,1410,53,3,11,33,55.6578947368421,9,42.7272727272727,"Miami, FL",1954,"No saludable"
"WHOPPER w/o Cheese","Burger King",219,660,40,12,1.5,90,980,49,2,11,28,54.5454545454545,7,35,"Miami, FL",1954,"No saludable"
"Wild Naked Chicken Chalupa","Taco Bell",459,420,28,6,0,65,1070,23,4,2,19,60,15,56.3157894736842,"Downey, CA",1962,"No saludable"
"XXL Grilled Stuft Burrito - Beef","Taco Bell",431,880,42,14,1,75,2020,94,12,6,31,42.9545454545455,23,65.1612903225806,"Downey, CA",1962,"No saludable"
"XXL Grilled Stuft Burrito - Chicken","Taco Bell",432,830,35,11,0,85,1940,91,10,6,37,37.9518072289157,30,52.4324324324324,"Downey, CA",1962,"No saludable"
"XXL Grilled Stuft Burrito - Steak","Taco Bell",433,820,36,12,1,70,2020,91,10,7,33,39.5121951219512,24,61.2121212121212,"Downey, CA",1962,"No saludable"
